index,GHO (CODE),GHO (DISPLAY),GHO (URL),PUBLISHSTATE (CODE),PUBLISHSTATE (DISPLAY),PUBLISHSTATE (URL),YEAR (CODE),YEAR (DISPLAY),YEAR (URL),REGION (CODE),REGION (DISPLAY),REGION (URL),WORLDBANKINCOMEGROUP (CODE),STARTYEAR,ENDYEAR,WORLDBANKINCOMEGROUP (DISPLAY),WORLDBANKINCOMEGROUP (URL),COUNTRY (CODE),COUNTRY (DISPLAY),COUNTRY (URL),Display Value,Numeric,Low,High,StdErr,StdDev,Comments
0,#indicator+code,#indicator+name,#indicator+url,#status+code,#status+name,,,#date+year,,#region+code,#region+name,,,#date+year+start,#date+year+end,,,#country+code,#country+name,,,#indicator+value+num,,,,,
1,CHOLERA_0000000002,Number of reported deaths from cholera,https://www.who.int/data/gho/indicator-metadata-registry/imr-details/2446,PUBLISHED,Published,,1972.0,1972,,WPR,Western Pacific,,,1972,1972,,,PHL,Philippines,,78.0,78.00000,,,,,
2,CHOLERA_0000000002,Number of reported deaths from cholera,https://www.who.int/data/gho/indicator-metadata-registry/imr-details/2446,PUBLISHED,Published,,1992.0,1992,,WPR,Western Pacific,,,1992,1992,,,PHL,Philippines,,0.0,0.00000,,,,,
3,CHOLERA_0000000002,Number of reported deaths from cholera,https://www.who.int/data/gho/indicator-metadata-registry/imr-details/2446,PUBLISHED,Published,,1981.0,1981,,WPR,Western Pacific,,,1981,1981,,,PHL,Philippines,,51.0,51.00000,,,,,
4,CHOLERA_0000000002,Number of reported deaths from cholera,https://www.who.int/data/gho/indicator-metadata-registry/imr-details/2446,PUBLISHED,Published,,1982.0,1982,,WPR,Western Pacific,,,1982,1982,,,PHL,Philippines,,31.0,31.00000,,,,,
5,CHOLERA_0000000002,Number of reported deaths from cholera,https://www.who.int/data/gho/indicator-metadata-registry/imr-details/2446,PUBLISHED,Published,,1961.0,1961,,WPR,Western Pacific,,,1961,1961,,,PHL,Philippines,,1405.0,1405.00000,,,,,
6,CHOLERA_0000000002,Number of reported deaths from cholera,https://www.who.int/data/gho/indicator-metadata-registry/imr-details/2446,PUBLISHED,Published,,1964.0,1964,,WPR,Western Pacific,,,1964,1964,,,PHL,Philippines,,1518.0,1518.00000,,,,,
7,CHOLERA_0000000002,Number of reported deaths from cholera,https://www.who.int/data/gho/indicator-metadata-registry/imr-details/2446,PUBLISHED,Published,,2005.0,2005,,WPR,Western Pacific,,,2005,2005,,,PHL,Philippines,,2.0,2.00000,,,,,
8,CHOLERA_0000000001,Number of reported cases of cholera,https://www.who.int/data/gho/indicator-metadata-registry/imr-details/42,PUBLISHED,Published,,1971.0,1971,,WPR,Western Pacific,,,1971,1971,,,PHL,Philippines,,3585.0,,,,,,
9,CHOLERA_0000000001,Number of reported cases of cholera,https://www.who.int/data/gho/indicator-metadata-registry/imr-details/42,PUBLISHED,Published,,1972.0,1972,,WPR,Western Pacific,,,1972,1972,,,PHL,Philippines,,5601.0,,,,,,
10,CHOLERA_0000000001,Number of reported cases of cholera,https://www.who.int/data/gho/indicator-metadata-registry/imr-details/42,PUBLISHED,Published,,1973.0,1973,,WPR,Western Pacific,,,1973,1973,,,PHL,Philippines,,2840.0,,,,,,
11,CHOLERA_0000000001,Number of reported cases of cholera,https://www.who.int/data/gho/indicator-metadata-registry/imr-details/42,PUBLISHED,Published,,1975.0,1975,,WPR,Western Pacific,,,1975,1975,,,PHL,Philippines,,680.0,,,,,,
12,CHOLERA_0000000001,Number of reported cases of cholera,https://www.who.int/data/gho/indicator-metadata-registry/imr-details/42,PUBLISHED,Published,,1976.0,1976,,WPR,Western Pacific,,,1976,1976,,,PHL,Philippines,,1258.0,,,,,,
13,CHOLERA_0000000001,Number of reported cases of cholera,https://www.who.int/data/gho/indicator-metadata-registry/imr-details/42,PUBLISHED,Published,,1961.0,1961,,WPR,Western Pacific,,,1961,1961,,,PHL,Philippines,,9923.0,,,,,,
14,CHOLERA_0000000001,Number of reported cases of cholera,https://www.who.int/data/gho/indicator-metadata-registry/imr-details/42,PUBLISHED,Published,,1962.0,1962,,WPR,Western Pacific,,,1962,1962,,,PHL,Philippines,,13015.0,,,,,,
15,CHOLERA_0000000001,Number of reported cases of cholera,https://www.who.int/data/gho/indicator-metadata-registry/imr-details/42,PUBLISHED,Published,,1963.0,1963,,WPR,Western Pacific,,,1963,1963,,,PHL,Philippines,,3979.0,,,,,,
16,CHOLERA_0000000001,Number of reported cases of cholera,https://www.who.int/data/gho/indicator-metadata-registry/imr-details/42,PUBLISHED,Published,,1966.0,1966,,WPR,Western Pacific,,,1966,1966,,,PHL,Philippines,,5261.0,,,,,,
17,CHOLERA_0000000001,Number of reported cases of cholera,https://www.who.int/data/gho/indicator-metadata-registry/imr-details/42,PUBLISHED,Published,,1997.0,1997,,WPR,Western Pacific,,,1997,1997,,,PHL,Philippines,,605.0,,,,,,
18,CHOLERA_0000000001,Number of reported cases of cholera,https://www.who.int/data/gho/indicator-metadata-registry/imr-details/42,PUBLISHED,Published,,1998.0,1998,,WPR,Western Pacific,,,1998,1998,,,PHL,Philippines,,729.0,,,,,,
19,CHOLERA_0000000001,Number of reported cases of cholera,https://www.who.int/data/gho/indicator-metadata-registry/imr-details/42,PUBLISHED,Published,,1999.0,1999,,WPR,Western Pacific,,,1999,1999,,,PHL,Philippines,,330.0,,,,,,
20,CHOLERA_0000000001,Number of reported cases of cholera,https://www.who.int/data/gho/indicator-metadata-registry/imr-details/42,PUBLISHED,Published,,2001.0,2001,,WPR,Western Pacific,,,2001,2001,,,PHL,Philippines,,174.0,,,,,,
21,CHOLERA_0000000001,Number of reported cases of cholera,https://www.who.int/data/gho/indicator-metadata-registry/imr-details/42,PUBLISHED,Published,,2011.0,2011,,WPR,Western Pacific,,,2011,2011,,,PHL,Philippines,,120.0,,,,,,
22,CHOLERA_0000000003,Cholera case fatality rate,https://www.who.int/data/gho/indicator-metadata-registry/imr-details/2445,PUBLISHED,Published,,1971.0,1971,,WPR,Western Pacific,,,1971,1971,,,PHL,Philippines,,3.04,,,,,,
23,CHOLERA_0000000003,Cholera case fatality rate,https://www.who.int/data/gho/indicator-metadata-registry/imr-details/2445,PUBLISHED,Published,,1977.0,1977,,WPR,Western Pacific,,,1977,1977,,,PHL,Philippines,,13.21,,,,,,
24,CHOLERA_0000000003,Cholera case fatality rate,https://www.who.int/data/gho/indicator-metadata-registry/imr-details/2445,PUBLISHED,Published,,1979.0,1979,,WPR,Western Pacific,,,1979,1979,,,PHL,Philippines,,32.18,,,,,,
25,CHOLERA_0000000003,Cholera case fatality rate,https://www.who.int/data/gho/indicator-metadata-registry/imr-details/2445,PUBLISHED,Published,,1969.0,1969,,WPR,Western Pacific,,,1969,1969,,,PHL,Philippines,,6.88,,,,,,
26,CHOLERA_0000000003,Cholera case fatality rate,https://www.who.int/data/gho/indicator-metadata-registry/imr-details/2445,PUBLISHED,Published,,1966.0,1966,,WPR,Western Pacific,,,1966,1966,,,PHL,Philippines,,5.19,,,,,,
27,CHOLERA_0000000003,Cholera case fatality rate,https://www.who.int/data/gho/indicator-metadata-registry/imr-details/2445,PUBLISHED,Published,,1968.0,1968,,WPR,Western Pacific,,,1968,1968,,,PHL,Philippines,,3.19,,,,,,
28,CHOLERA_0000000003,Cholera case fatality rate,https://www.who.int/data/gho/indicator-metadata-registry/imr-details/2445,PUBLISHED,Published,,2004.0,2004,,WPR,Western Pacific,,,2004,2004,,,PHL,Philippines,,0.56,,,,,,
29,CHOLERA_0000000003,Cholera case fatality rate,https://www.who.int/data/gho/indicator-metadata-registry/imr-details/2445,PUBLISHED,Published,,1998.0,1998,,WPR,Western Pacific,,,1998,1998,,,PHL,Philippines,,2.33,,,,,,
30,CHOLERA_0000000003,Cholera case fatality rate,https://www.who.int/data/gho/indicator-metadata-registry/imr-details/2445,PUBLISHED,Published,,2010.0,2010,,WPR,Western Pacific,,,2010,2010,,,PHL,Philippines,,6.06,,,,,,
31,CHOLERA_0000000003,Cholera case fatality rate,https://www.who.int/data/gho/indicator-metadata-registry/imr-details/2445,PUBLISHED,Published,,2011.0,2011,,WPR,Western Pacific,,,2011,2011,,,PHL,Philippines,,2.5,,,,,,
32,CHOLERA_0000000002,Number of reported deaths from cholera,https://www.who.int/data/gho/indicator-metadata-registry/imr-details/2446,PUBLISHED,Published,,2012.0,2012,,WPR,Western Pacific,,,2012,2012,,,PHL,Philippines,,14.0,14.00000,,,,,
33,CHOLERA_0000000002,Number of reported deaths from cholera,https://www.who.int/data/gho/indicator-metadata-registry/imr-details/2446,PUBLISHED,Published,,2013.0,2013,,WPR,Western Pacific,,,2013,2013,,,PHL,Philippines,,0.0,0.00000,,,,,
34,CHOLERA_0000000003,Cholera case fatality rate,https://www.who.int/data/gho/indicator-metadata-registry/imr-details/2445,PUBLISHED,Published,,2013.0,2013,,WPR,Western Pacific,,,2013,2013,,,PHL,Philippines,,0.0,0.00000,,,,,
35,CHOLERA_0000000002,Number of reported deaths from cholera,https://www.who.int/data/gho/indicator-metadata-registry/imr-details/2446,PUBLISHED,Published,,2014.0,2014,,WPR,Western Pacific,,,2014,2014,,,PHL,Philippines,,8.0,8.00000,,,,,
36,WHS3_55,Congenital Rubella Syndrome - number of reported cases,https://www.who.int/data/gho/indicator-metadata-registry/imr-details/57,PUBLISHED,Published,,2007.0,2007,,WPR,Western Pacific,,,2007,2007,,,PHL,Philippines,,172.0,,,,,,
37,WHS3_41,Diphtheria - number of reported cases,https://www.who.int/data/gho/indicator-metadata-registry/imr-details/43,PUBLISHED,Published,,2017.0,2017,,WPR,Western Pacific,,,2017,2017,,,PHL,Philippines,,68.0,68.00000,,,,,
38,WHS3_41,Diphtheria - number of reported cases,https://www.who.int/data/gho/indicator-metadata-registry/imr-details/43,PUBLISHED,Published,,2010.0,2010,,WPR,Western Pacific,,,2010,2010,,,PHL,Philippines,,107.0,107.00000,,,,,
39,WHS3_41,Diphtheria - number of reported cases,https://www.who.int/data/gho/indicator-metadata-registry/imr-details/43,PUBLISHED,Published,,2008.0,2008,,WPR,Western Pacific,,,2008,2008,,,PHL,Philippines,,65.0,65.00000,,,,,
40,WHS3_41,Diphtheria - number of reported cases,https://www.who.int/data/gho/indicator-metadata-registry/imr-details/43,PUBLISHED,Published,,2001.0,2001,,WPR,Western Pacific,,,2001,2001,,,PHL,Philippines,,73.0,73.00000,,,,,
41,WHS3_41,Diphtheria - number of reported cases,https://www.who.int/data/gho/indicator-metadata-registry/imr-details/43,PUBLISHED,Published,,1999.0,1999,,WPR,Western Pacific,,,1999,1999,,,PHL,Philippines,,64.0,64.00000,,,,,
42,WHS3_41,Diphtheria - number of reported cases,https://www.who.int/data/gho/indicator-metadata-registry/imr-details/43,PUBLISHED,Published,,1991.0,1991,,WPR,Western Pacific,,,1991,1991,,,PHL,Philippines,,1004.0,1004.00000,,,,,
43,WHS3_41,Diphtheria - number of reported cases,https://www.who.int/data/gho/indicator-metadata-registry/imr-details/43,PUBLISHED,Published,,1989.0,1989,,WPR,Western Pacific,,,1989,1989,,,PHL,Philippines,,940.0,940.00000,,,,,
44,WHS3_41,Diphtheria - number of reported cases,https://www.who.int/data/gho/indicator-metadata-registry/imr-details/43,PUBLISHED,Published,,1984.0,1984,,WPR,Western Pacific,,,1984,1984,,,PHL,Philippines,,1968.0,1968.00000,,,,,
45,WHS3_41,Diphtheria - number of reported cases,https://www.who.int/data/gho/indicator-metadata-registry/imr-details/43,PUBLISHED,Published,,1982.0,1982,,WPR,Western Pacific,,,1982,1982,,,PHL,Philippines,,2140.0,2140.00000,,,,,
46,WHS3_42,Japanese encephalitis - number of reported cases,https://www.who.int/data/gho/indicator-metadata-registry/imr-details/44,PUBLISHED,Published,,2015.0,2015,,WPR,Western Pacific,,,2015,2015,,,PHL,Philippines,,115.0,115.00000,,,,,
47,WHS3_42,Japanese encephalitis - number of reported cases,https://www.who.int/data/gho/indicator-metadata-registry/imr-details/44,PUBLISHED,Published,,2013.0,2013,,WPR,Western Pacific,,,2013,2013,,,PHL,Philippines,,24.0,24.00000,,,,,
48,WHS3_62,Measles - number of reported cases,https://www.who.int/data/gho/indicator-metadata-registry/imr-details/60,PUBLISHED,Published,,2014.0,2014,,WPR,Western Pacific,,,2014,2014,,,PHL,Philippines,,58848.0,58848.00000,,,,,
49,WHS3_62,Measles - number of reported cases,https://www.who.int/data/gho/indicator-metadata-registry/imr-details/60,PUBLISHED,Published,,2012.0,2012,,WPR,Western Pacific,,,2012,2012,,,PHL,Philippines,,1536.0,1536.00000,,,,,
50,WHS3_62,Measles - number of reported cases,https://www.who.int/data/gho/indicator-metadata-registry/imr-details/60,PUBLISHED,Published,,2005.0,2005,,WPR,Western Pacific,,,2005,2005,,,PHL,Philippines,,118.0,118.00000,,,,,
51,WHS3_62,Measles - number of reported cases,https://www.who.int/data/gho/indicator-metadata-registry/imr-details/60,PUBLISHED,Published,,2003.0,2003,,WPR,Western Pacific,,,2003,2003,,,PHL,Philippines,,10511.0,10511.00000,,,,,
52,WHS3_62,Measles - number of reported cases,https://www.who.int/data/gho/indicator-metadata-registry/imr-details/60,PUBLISHED,Published,,1998.0,1998,,WPR,Western Pacific,,,1998,1998,,,PHL,Philippines,,1984.0,1984.00000,,,,,
53,WHS3_62,Measles - number of reported cases,https://www.who.int/data/gho/indicator-metadata-registry/imr-details/60,PUBLISHED,Published,,1995.0,1995,,WPR,Western Pacific,,,1995,1995,,,PHL,Philippines,,3913.0,3913.00000,,,,,
54,WHS3_62,Measles - number of reported cases,https://www.who.int/data/gho/indicator-metadata-registry/imr-details/60,PUBLISHED,Published,,1988.0,1988,,WPR,Western Pacific,,,1988,1988,,,PHL,Philippines,,70801.0,70801.00000,,,,,
55,WHS3_53,Mumps - number of reported cases,https://www.who.int/data/gho/indicator-metadata-registry/imr-details/55,PUBLISHED,Published,,2015.0,2015,,WPR,Western Pacific,,,2015,2015,,,PHL,Philippines,,5.0,5.00000,,,,,
56,WHS3_49,Poliomyelitis - number of reported cases,https://www.who.int/data/gho/indicator-metadata-registry/imr-details/51,PUBLISHED,Published,,2014.0,2014,,WPR,Western Pacific,,,2014,2014,,,PHL,Philippines,,0.0,0.00000,,,,,
57,WHS3_49,Poliomyelitis - number of reported cases,https://www.who.int/data/gho/indicator-metadata-registry/imr-details/51,PUBLISHED,Published,,2012.0,2012,,WPR,Western Pacific,,,2012,2012,,,PHL,Philippines,,0.0,0.00000,,,,,
58,WHS3_49,Poliomyelitis - number of reported cases,https://www.who.int/data/gho/indicator-metadata-registry/imr-details/51,PUBLISHED,Published,,2005.0,2005,,WPR,Western Pacific,,,2005,2005,,,PHL,Philippines,,0.0,0.00000,,,,,
59,WHS3_49,Poliomyelitis - number of reported cases,https://www.who.int/data/gho/indicator-metadata-registry/imr-details/51,PUBLISHED,Published,,2003.0,2003,,WPR,Western Pacific,,,2003,2003,,,PHL,Philippines,,0.0,0.00000,,,,,
60,WHS3_49,Poliomyelitis - number of reported cases,https://www.who.int/data/gho/indicator-metadata-registry/imr-details/51,PUBLISHED,Published,,1998.0,1998,,WPR,Western Pacific,,,1998,1998,,,PHL,Philippines,,0.0,0.00000,,,,,
61,WHS3_49,Poliomyelitis - number of reported cases,https://www.who.int/data/gho/indicator-metadata-registry/imr-details/51,PUBLISHED,Published,,1996.0,1996,,WPR,Western Pacific,,,1996,1996,,,PHL,Philippines,,80.0,80.00000,,,,,
62,WHS3_49,Poliomyelitis - number of reported cases,https://www.who.int/data/gho/indicator-metadata-registry/imr-details/51,PUBLISHED,Published,,1994.0,1994,,WPR,Western Pacific,,,1994,1994,,,PHL,Philippines,,11.0,11.00000,,,,,
63,WHS3_49,Poliomyelitis - number of reported cases,https://www.who.int/data/gho/indicator-metadata-registry/imr-details/51,PUBLISHED,Published,,1989.0,1989,,WPR,Western Pacific,,,1989,1989,,,PHL,Philippines,,139.0,139.00000,,,,,
64,WHS3_57,Total rubella - number of reported cases,https://www.who.int/data/gho/indicator-metadata-registry/imr-details/59,PUBLISHED,Published,,2016.0,2016,,WPR,Western Pacific,,,2016,2016,,,PHL,Philippines,,179.0,,,,,,
65,WHS3_57,Total rubella - number of reported cases,https://www.who.int/data/gho/indicator-metadata-registry/imr-details/59,PUBLISHED,Published,,2014.0,2014,,WPR,Western Pacific,,,2014,2014,,,PHL,Philippines,,264.0,,,,,,
66,WHS3_57,Total rubella - number of reported cases,https://www.who.int/data/gho/indicator-metadata-registry/imr-details/59,PUBLISHED,Published,,2008.0,2008,,WPR,Western Pacific,,,2008,2008,,,PHL,Philippines,,280.0,,,,,,
67,WHS3_57,Total rubella - number of reported cases,https://www.who.int/data/gho/indicator-metadata-registry/imr-details/59,PUBLISHED,Published,,2004.0,2004,,WPR,Western Pacific,,,2004,2004,,,PHL,Philippines,,25.0,,,,,,
68,WHS3_57,Total rubella - number of reported cases,https://www.who.int/data/gho/indicator-metadata-registry/imr-details/59,PUBLISHED,Published,,1999.0,1999,,WPR,Western Pacific,,,1999,1999,,,PHL,Philippines,,21.0,,,,,,
69,WHS3_46,Total tetanus - number of reported cases,https://www.who.int/data/gho/indicator-metadata-registry/imr-details/48,PUBLISHED,Published,,2018.0,2018,,WPR,Western Pacific,,,2018,2018,,,PHL,Philippines,,943.0,943.00000,,,,,
70,WHS3_46,Total tetanus - number of reported cases,https://www.who.int/data/gho/indicator-metadata-registry/imr-details/48,PUBLISHED,Published,,2010.0,2010,,WPR,Western Pacific,,,2010,2010,,,PHL,Philippines,,1140.0,1140.00000,,,,,
71,WHS3_46,Total tetanus - number of reported cases,https://www.who.int/data/gho/indicator-metadata-registry/imr-details/48,PUBLISHED,Published,,2008.0,2008,,WPR,Western Pacific,,,2008,2008,,,PHL,Philippines,,813.0,813.00000,,,,,
72,WHS3_46,Total tetanus - number of reported cases,https://www.who.int/data/gho/indicator-metadata-registry/imr-details/48,PUBLISHED,Published,,2003.0,2003,,WPR,Western Pacific,,,2003,2003,,,PHL,Philippines,,1151.0,1151.00000,,,,,
73,WHS3_46,Total tetanus - number of reported cases,https://www.who.int/data/gho/indicator-metadata-registry/imr-details/48,PUBLISHED,Published,,2001.0,2001,,WPR,Western Pacific,,,2001,2001,,,PHL,Philippines,,1479.0,1479.00000,,,,,
74,WHS3_43,Pertussis - number of reported cases,https://www.who.int/data/gho/indicator-metadata-registry/imr-details/45,PUBLISHED,Published,,2018.0,2018,,WPR,Western Pacific,,,2018,2018,,,PHL,Philippines,,339.0,339.00000,,,,,
75,WHS3_43,Pertussis - number of reported cases,https://www.who.int/data/gho/indicator-metadata-registry/imr-details/45,PUBLISHED,Published,,2016.0,2016,,WPR,Western Pacific,,,2016,2016,,,PHL,Philippines,,29.0,29.00000,,,,,
76,WHS3_43,Pertussis - number of reported cases,https://www.who.int/data/gho/indicator-metadata-registry/imr-details/45,PUBLISHED,Published,,2008.0,2008,,WPR,Western Pacific,,,2008,2008,,,PHL,Philippines,,46.0,46.00000,,,,,
77,WHS3_43,Pertussis - number of reported cases,https://www.who.int/data/gho/indicator-metadata-registry/imr-details/45,PUBLISHED,Published,,2006.0,2006,,WPR,Western Pacific,,,2006,2006,,,PHL,Philippines,,41.0,41.00000,,,,,
78,WHS3_43,Pertussis - number of reported cases,https://www.who.int/data/gho/indicator-metadata-registry/imr-details/45,PUBLISHED,Published,,2001.0,2001,,WPR,Western Pacific,,,2001,2001,,,PHL,Philippines,,16.0,16.00000,,,,,
79,WHS3_43,Pertussis - number of reported cases,https://www.who.int/data/gho/indicator-metadata-registry/imr-details/45,PUBLISHED,Published,,1999.0,1999,,WPR,Western Pacific,,,1999,1999,,,PHL,Philippines,,4.0,4.00000,,,,,
80,WHS3_43,Pertussis - number of reported cases,https://www.who.int/data/gho/indicator-metadata-registry/imr-details/45,PUBLISHED,Published,,1991.0,1991,,WPR,Western Pacific,,,1991,1991,,,PHL,Philippines,,3377.0,3377.00000,,,,,
81,WHS3_43,Pertussis - number of reported cases,https://www.who.int/data/gho/indicator-metadata-registry/imr-details/45,PUBLISHED,Published,,1989.0,1989,,WPR,Western Pacific,,,1989,1989,,,PHL,Philippines,,9466.0,9466.00000,,,,,
82,WHS3_43,Pertussis - number of reported cases,https://www.who.int/data/gho/indicator-metadata-registry/imr-details/45,PUBLISHED,Published,,1982.0,1982,,WPR,Western Pacific,,,1982,1982,,,PHL,Philippines,,15879.0,15879.00000,,,,,
83,WHS3_43,Pertussis - number of reported cases,https://www.who.int/data/gho/indicator-metadata-registry/imr-details/45,PUBLISHED,Published,,1980.0,1980,,WPR,Western Pacific,,,1980,1980,,,PHL,Philippines,,19844.0,19844.00000,,,,,
84,WHS3_45,Number of new leprosy cases,https://www.who.int/data/gho/indicator-metadata-registry/imr-details/47,PUBLISHED,Published,,2016.0,2016,,WPR,Western Pacific,,,2016,2016,,,PHL,Philippines,,1721.0,1721.00000,,,,,
85,WHS3_45,Number of new leprosy cases,https://www.who.int/data/gho/indicator-metadata-registry/imr-details/47,PUBLISHED,Published,,2013.0,2013,,WPR,Western Pacific,,,2013,2013,,,PHL,Philippines,,1729.0,1729.00000,,,,,
86,WHS3_45,Number of new leprosy cases,https://www.who.int/data/gho/indicator-metadata-registry/imr-details/47,PUBLISHED,Published,,2007.0,2007,,WPR,Western Pacific,,,2007,2007,,,PHL,Philippines,,2514.0,2514.00000,,,,,
87,WHS3_49,Poliomyelitis - number of reported cases,https://www.who.int/data/gho/indicator-metadata-registry/imr-details/51,PUBLISHED,Published,,1980.0,1980,,WPR,Western Pacific,,,1980,1980,,,PHL,Philippines,,432.0,432.00000,,,,,
88,WHS3_49,Poliomyelitis - number of reported cases,https://www.who.int/data/gho/indicator-metadata-registry/imr-details/51,PUBLISHED,Published,,1987.0,1987,,WPR,Western Pacific,,,1987,1987,,,PHL,Philippines,,327.0,327.00000,,,,,
89,WHS3_45,Number of new leprosy cases,https://www.who.int/data/gho/indicator-metadata-registry/imr-details/47,PUBLISHED,Published,,2012.0,2012,,WPR,Western Pacific,,,2012,2012,,,PHL,Philippines,,2150.0,2150.00000,,,,,
90,WHS3_56,Neonatal tetanus - number of reported cases,https://www.who.int/data/gho/indicator-metadata-registry/imr-details/58,PUBLISHED,Published,,1980.0,1980,,WPR,Western Pacific,,,1980,1980,,,PHL,Philippines,,1506.0,1506.00000,,,,,
91,WHS3_56,Neonatal tetanus - number of reported cases,https://www.who.int/data/gho/indicator-metadata-registry/imr-details/58,PUBLISHED,Published,,1985.0,1985,,WPR,Western Pacific,,,1985,1985,,,PHL,Philippines,,1244.0,1244.00000,,,,,
92,WHS3_56,Neonatal tetanus - number of reported cases,https://www.who.int/data/gho/indicator-metadata-registry/imr-details/58,PUBLISHED,Published,,1987.0,1987,,WPR,Western Pacific,,,1987,1987,,,PHL,Philippines,,1042.0,1042.00000,,,,,
93,WHS3_56,Neonatal tetanus - number of reported cases,https://www.who.int/data/gho/indicator-metadata-registry/imr-details/58,PUBLISHED,Published,,1994.0,1994,,WPR,Western Pacific,,,1994,1994,,,PHL,Philippines,,336.0,336.00000,,,,,
94,WHS3_56,Neonatal tetanus - number of reported cases,https://www.who.int/data/gho/indicator-metadata-registry/imr-details/58,PUBLISHED,Published,,1997.0,1997,,WPR,Western Pacific,,,1997,1997,,,PHL,Philippines,,338.0,338.00000,,,,,
95,WHS3_56,Neonatal tetanus - number of reported cases,https://www.who.int/data/gho/indicator-metadata-registry/imr-details/58,PUBLISHED,Published,,2002.0,2002,,WPR,Western Pacific,,,2002,2002,,,PHL,Philippines,,163.0,163.00000,,,,,
96,WHS3_56,Neonatal tetanus - number of reported cases,https://www.who.int/data/gho/indicator-metadata-registry/imr-details/58,PUBLISHED,Published,,2004.0,2004,,WPR,Western Pacific,,,2004,2004,,,PHL,Philippines,,250.0,250.00000,,,,,
97,WHS3_56,Neonatal tetanus - number of reported cases,https://www.who.int/data/gho/indicator-metadata-registry/imr-details/58,PUBLISHED,Published,,2006.0,2006,,WPR,Western Pacific,,,2006,2006,,,PHL,Philippines,,161.0,161.00000,,,,,
98,WHS3_56,Neonatal tetanus - number of reported cases,https://www.who.int/data/gho/indicator-metadata-registry/imr-details/58,PUBLISHED,Published,,2011.0,2011,,WPR,Western Pacific,,,2011,2011,,,PHL,Philippines,,166.0,166.00000,,,,,
99,WHS3_56,Neonatal tetanus - number of reported cases,https://www.who.int/data/gho/indicator-metadata-registry/imr-details/58,PUBLISHED,Published,,2013.0,2013,,WPR,Western Pacific,,,2013,2013,,,PHL,Philippines,,77.0,77.00000,,,,,
100,WHS3_62,Measles - number of reported cases,https://www.who.int/data/gho/indicator-metadata-registry/imr-details/60,PUBLISHED,Published,,1986.0,1986,,WPR,Western Pacific,,,1986,1986,,,PHL,Philippines,,59375.0,59375.00000,,,,,
101,WHS3_46,Total tetanus - number of reported cases,https://www.who.int/data/gho/indicator-metadata-registry/imr-details/48,PUBLISHED,Published,,1982.0,1982,,WPR,Western Pacific,,,1982,1982,,,PHL,Philippines,,2441.0,2441.00000,,,,,
102,WHS3_46,Total tetanus - number of reported cases,https://www.who.int/data/gho/indicator-metadata-registry/imr-details/48,PUBLISHED,Published,,1984.0,1984,,WPR,Western Pacific,,,1984,1984,,,PHL,Philippines,,3353.0,3353.00000,,,,,
103,WHS3_46,Total tetanus - number of reported cases,https://www.who.int/data/gho/indicator-metadata-registry/imr-details/48,PUBLISHED,Published,,1991.0,1991,,WPR,Western Pacific,,,1991,1991,,,PHL,Philippines,,1237.0,1237.00000,,,,,
104,WHS3_46,Total tetanus - number of reported cases,https://www.who.int/data/gho/indicator-metadata-registry/imr-details/48,PUBLISHED,Published,,1993.0,1993,,WPR,Western Pacific,,,1993,1993,,,PHL,Philippines,,2116.0,2116.00000,,,,,
105,WHS3_46,Total tetanus - number of reported cases,https://www.who.int/data/gho/indicator-metadata-registry/imr-details/48,PUBLISHED,Published,,1999.0,1999,,WPR,Western Pacific,,,1999,1999,,,PHL,Philippines,,1439.0,1439.00000,,,,,
106,WHS3_40,Cholera - number of reported cases,https://www.who.int/data/gho/indicator-metadata-registry/imr-details/42,PUBLISHED,Published,,2011.0,2011,,WPR,Western Pacific,,,2011,2011,,,PHL,Philippines,,120.0,120.00000,,,,,
107,CHOLERA_0000000002,Number of reported deaths from cholera,https://www.who.int/data/gho/indicator-metadata-registry/imr-details/2446,PUBLISHED,Published,,1965.0,1965,,WPR,Western Pacific,,,1965,1965,,,PHL,Philippines,,448.0,448.00000,,,,,
108,CHOLERA_0000000002,Number of reported deaths from cholera,https://www.who.int/data/gho/indicator-metadata-registry/imr-details/2446,PUBLISHED,Published,,1973.0,1973,,WPR,Western Pacific,,,1973,1973,,,PHL,Philippines,,447.0,447.00000,,,,,
109,CHOLERA_0000000002,Number of reported deaths from cholera,https://www.who.int/data/gho/indicator-metadata-registry/imr-details/2446,PUBLISHED,Published,,1975.0,1975,,WPR,Western Pacific,,,1975,1975,,,PHL,Philippines,,15.0,15.00000,,,,,
110,CHOLERA_0000000002,Number of reported deaths from cholera,https://www.who.int/data/gho/indicator-metadata-registry/imr-details/2446,PUBLISHED,Published,,1978.0,1978,,WPR,Western Pacific,,,1978,1978,,,PHL,Philippines,,122.0,122.00000,,,,,
111,CHOLERA_0000000002,Number of reported deaths from cholera,https://www.who.int/data/gho/indicator-metadata-registry/imr-details/2446,PUBLISHED,Published,,1980.0,1980,,WPR,Western Pacific,,,1980,1980,,,PHL,Philippines,,61.0,61.00000,,,,,
112,CHOLERA_0000000002,Number of reported deaths from cholera,https://www.who.int/data/gho/indicator-metadata-registry/imr-details/2446,PUBLISHED,Published,,1962.0,1962,,WPR,Western Pacific,,,1962,1962,,,PHL,Philippines,,1682.0,1682.00000,,,,,
113,CHOLERA_0000000002,Number of reported deaths from cholera,https://www.who.int/data/gho/indicator-metadata-registry/imr-details/2446,PUBLISHED,Published,,1966.0,1966,,WPR,Western Pacific,,,1966,1966,,,PHL,Philippines,,273.0,273.00000,,,,,
114,CHOLERA_0000000002,Number of reported deaths from cholera,https://www.who.int/data/gho/indicator-metadata-registry/imr-details/2446,PUBLISHED,Published,,1968.0,1968,,WPR,Western Pacific,,,1968,1968,,,PHL,Philippines,,89.0,89.00000,,,,,
115,CHOLERA_0000000002,Number of reported deaths from cholera,https://www.who.int/data/gho/indicator-metadata-registry/imr-details/2446,PUBLISHED,Published,,2007.0,2007,,WPR,Western Pacific,,,2007,2007,,,PHL,Philippines,,0.0,0.00000,,,,,
116,CHOLERA_0000000002,Number of reported deaths from cholera,https://www.who.int/data/gho/indicator-metadata-registry/imr-details/2446,PUBLISHED,Published,,2006.0,2006,,WPR,Western Pacific,,,2006,2006,,,PHL,Philippines,,1.0,1.00000,,,,,
117,CHOLERA_0000000002,Number of reported deaths from cholera,https://www.who.int/data/gho/indicator-metadata-registry/imr-details/2446,PUBLISHED,Published,,2010.0,2010,,WPR,Western Pacific,,,2010,2010,,,PHL,Philippines,,2.0,2.00000,,,,,
118,CHOLERA_0000000002,Number of reported deaths from cholera,https://www.who.int/data/gho/indicator-metadata-registry/imr-details/2446,PUBLISHED,Published,,2011.0,2011,,WPR,Western Pacific,,,2011,2011,,,PHL,Philippines,,3.0,3.00000,,,,,
119,CHOLERA_0000000001,Number of reported cases of cholera,https://www.who.int/data/gho/indicator-metadata-registry/imr-details/42,PUBLISHED,Published,,1978.0,1978,,WPR,Western Pacific,,,1978,1978,,,PHL,Philippines,,1408.0,,,,,,
120,CHOLERA_0000000001,Number of reported cases of cholera,https://www.who.int/data/gho/indicator-metadata-registry/imr-details/42,PUBLISHED,Published,,1980.0,1980,,WPR,Western Pacific,,,1980,1980,,,PHL,Philippines,,836.0,,,,,,
121,CHOLERA_0000000001,Number of reported cases of cholera,https://www.who.int/data/gho/indicator-metadata-registry/imr-details/42,PUBLISHED,Published,,1967.0,1967,,WPR,Western Pacific,,,1967,1967,,,PHL,Philippines,,1629.0,,,,,,
122,CHOLERA_0000000001,Number of reported cases of cholera,https://www.who.int/data/gho/indicator-metadata-registry/imr-details/42,PUBLISHED,Published,,2005.0,2005,,WPR,Western Pacific,,,2005,2005,,,PHL,Philippines,,139.0,,,,,,
123,CHOLERA_0000000001,Number of reported cases of cholera,https://www.who.int/data/gho/indicator-metadata-registry/imr-details/42,PUBLISHED,Published,,2004.0,2004,,WPR,Western Pacific,,,2004,2004,,,PHL,Philippines,,533.0,,,,,,
124,CHOLERA_0000000003,Cholera case fatality rate,https://www.who.int/data/gho/indicator-metadata-registry/imr-details/2445,PUBLISHED,Published,,1965.0,1965,,WPR,Western Pacific,,,1965,1965,,,PHL,Philippines,,9.78,,,,,,
125,CHOLERA_0000000003,Cholera case fatality rate,https://www.who.int/data/gho/indicator-metadata-registry/imr-details/2445,PUBLISHED,Published,,1976.0,1976,,WPR,Western Pacific,,,1976,1976,,,PHL,Philippines,,12.72,,,,,,
126,CHOLERA_0000000003,Cholera case fatality rate,https://www.who.int/data/gho/indicator-metadata-registry/imr-details/2445,PUBLISHED,Published,,1992.0,1992,,WPR,Western Pacific,,,1992,1992,,,PHL,Philippines,,0.0,,,,,,
127,CHOLERA_0000000003,Cholera case fatality rate,https://www.who.int/data/gho/indicator-metadata-registry/imr-details/2445,PUBLISHED,Published,,1996.0,1996,,WPR,Western Pacific,,,1996,1996,,,PHL,Philippines,,1.0,,,,,,
128,CHOLERA_0000000003,Cholera case fatality rate,https://www.who.int/data/gho/indicator-metadata-registry/imr-details/2445,PUBLISHED,Published,,1981.0,1981,,WPR,Western Pacific,,,1981,1981,,,PHL,Philippines,,5.9,,,,,,
129,CHOLERA_0000000003,Cholera case fatality rate,https://www.who.int/data/gho/indicator-metadata-registry/imr-details/2445,PUBLISHED,Published,,1982.0,1982,,WPR,Western Pacific,,,1982,1982,,,PHL,Philippines,,3.33,,,,,,
130,CHOLERA_0000000003,Cholera case fatality rate,https://www.who.int/data/gho/indicator-metadata-registry/imr-details/2445,PUBLISHED,Published,,1964.0,1964,,WPR,Western Pacific,,,1964,1964,,,PHL,Philippines,,9.22,,,,,,
131,CHOLERA_0000000003,Cholera case fatality rate,https://www.who.int/data/gho/indicator-metadata-registry/imr-details/2445,PUBLISHED,Published,,2005.0,2005,,WPR,Western Pacific,,,2005,2005,,,PHL,Philippines,,1.44,,,,,,
132,CHOLERA_0000000003,Cholera case fatality rate,https://www.who.int/data/gho/indicator-metadata-registry/imr-details/2445,PUBLISHED,Published,,2012.0,2012,,WPR,Western Pacific,,,2012,2012,,,PHL,Philippines,,0.8,0.80000,,,,,
133,CHOLERA_0000000001,Number of reported cases of cholera,https://www.who.int/data/gho/indicator-metadata-registry/imr-details/42,PUBLISHED,Published,,2013.0,2013,,WPR,Western Pacific,,,2013,2013,,,PHL,Philippines,,6.0,6.00000,,,,,
134,CHOLERA_0000000001,Number of reported cases of cholera,https://www.who.int/data/gho/indicator-metadata-registry/imr-details/42,PUBLISHED,Published,,2014.0,2014,,WPR,Western Pacific,,,2014,2014,,,PHL,Philippines,,4547.0,4547.00000,,,,,
135,CHOLERA_0000000003,Cholera case fatality rate,https://www.who.int/data/gho/indicator-metadata-registry/imr-details/2445,PUBLISHED,Published,,2016.0,2016,,WPR,Western Pacific,,,2016,2016,,,PHL,Philippines,,0.0,0.00000,,,,,
136,WHS3_41,Diphtheria - number of reported cases,https://www.who.int/data/gho/indicator-metadata-registry/imr-details/43,PUBLISHED,Published,,2016.0,2016,,WPR,Western Pacific,,,2016,2016,,,PHL,Philippines,,42.0,42.00000,,,,,
137,WHS3_41,Diphtheria - number of reported cases,https://www.who.int/data/gho/indicator-metadata-registry/imr-details/43,PUBLISHED,Published,,2015.0,2015,,WPR,Western Pacific,,,2015,2015,,,PHL,Philippines,,9.0,9.00000,,,,,
138,WHS3_41,Diphtheria - number of reported cases,https://www.who.int/data/gho/indicator-metadata-registry/imr-details/43,PUBLISHED,Published,,2014.0,2014,,WPR,Western Pacific,,,2014,2014,,,PHL,Philippines,,0.0,0.00000,,,,,
139,WHS3_41,Diphtheria - number of reported cases,https://www.who.int/data/gho/indicator-metadata-registry/imr-details/43,PUBLISHED,Published,,2013.0,2013,,WPR,Western Pacific,,,2013,2013,,,PHL,Philippines,,6.0,6.00000,,,,,
140,WHS3_41,Diphtheria - number of reported cases,https://www.who.int/data/gho/indicator-metadata-registry/imr-details/43,PUBLISHED,Published,,1997.0,1997,,WPR,Western Pacific,,,1997,1997,,,PHL,Philippines,,138.0,138.00000,,,,,
141,WHS3_41,Diphtheria - number of reported cases,https://www.who.int/data/gho/indicator-metadata-registry/imr-details/43,PUBLISHED,Published,,1995.0,1995,,WPR,Western Pacific,,,1995,1995,,,PHL,Philippines,,173.0,173.00000,,,,,
142,WHS3_41,Diphtheria - number of reported cases,https://www.who.int/data/gho/indicator-metadata-registry/imr-details/43,PUBLISHED,Published,,1994.0,1994,,WPR,Western Pacific,,,1994,1994,,,PHL,Philippines,,316.0,316.00000,,,,,
143,WHS3_41,Diphtheria - number of reported cases,https://www.who.int/data/gho/indicator-metadata-registry/imr-details/43,PUBLISHED,Published,,1993.0,1993,,WPR,Western Pacific,,,1993,1993,,,PHL,Philippines,,323.0,323.00000,,,,,
144,WHS3_41,Diphtheria - number of reported cases,https://www.who.int/data/gho/indicator-metadata-registry/imr-details/43,PUBLISHED,Published,,1980.0,1980,,WPR,Western Pacific,,,1980,1980,,,PHL,Philippines,,1910.0,1910.00000,,,,,
145,WHS3_42,Japanese encephalitis - number of reported cases,https://www.who.int/data/gho/indicator-metadata-registry/imr-details/44,PUBLISHED,Published,,2018.0,2018,,WPR,Western Pacific,,,2018,2018,,,PHL,Philippines,,204.0,204.00000,,,,,
146,WHS3_42,Japanese encephalitis - number of reported cases,https://www.who.int/data/gho/indicator-metadata-registry/imr-details/44,PUBLISHED,Published,,2017.0,2017,,WPR,Western Pacific,,,2017,2017,,,PHL,Philippines,,361.0,361.00000,,,,,
147,WHS3_62,Measles - number of reported cases,https://www.who.int/data/gho/indicator-metadata-registry/imr-details/60,PUBLISHED,Published,,2010.0,2010,,WPR,Western Pacific,,,2010,2010,,,PHL,Philippines,,6368.0,6368.00000,,,,,
148,WHS3_62,Measles - number of reported cases,https://www.who.int/data/gho/indicator-metadata-registry/imr-details/60,PUBLISHED,Published,,2009.0,2009,,WPR,Western Pacific,,,2009,2009,,,PHL,Philippines,,1469.0,1469.00000,,,,,
149,WHS3_62,Measles - number of reported cases,https://www.who.int/data/gho/indicator-metadata-registry/imr-details/60,PUBLISHED,Published,,2008.0,2008,,WPR,Western Pacific,,,2008,2008,,,PHL,Philippines,,341.0,341.00000,,,,,
150,WHS3_62,Measles - number of reported cases,https://www.who.int/data/gho/indicator-metadata-registry/imr-details/60,PUBLISHED,Published,,2007.0,2007,,WPR,Western Pacific,,,2007,2007,,,PHL,Philippines,,530.0,530.00000,,,,,
151,WHS3_62,Measles - number of reported cases,https://www.who.int/data/gho/indicator-metadata-registry/imr-details/60,PUBLISHED,Published,,1993.0,1993,,WPR,Western Pacific,,,1993,1993,,,PHL,Philippines,,7541.0,7541.00000,,,,,
152,WHS3_62,Measles - number of reported cases,https://www.who.int/data/gho/indicator-metadata-registry/imr-details/60,PUBLISHED,Published,,1992.0,1992,,WPR,Western Pacific,,,1992,1992,,,PHL,Philippines,,39304.0,39304.00000,,,,,
153,WHS3_62,Measles - number of reported cases,https://www.who.int/data/gho/indicator-metadata-registry/imr-details/60,PUBLISHED,Published,,1991.0,1991,,WPR,Western Pacific,,,1991,1991,,,PHL,Philippines,,29037.0,29037.00000,,,,,
154,WHS3_62,Measles - number of reported cases,https://www.who.int/data/gho/indicator-metadata-registry/imr-details/60,PUBLISHED,Published,,1990.0,1990,,WPR,Western Pacific,,,1990,1990,,,PHL,Philippines,,42938.0,42938.00000,,,,,
155,WHS3_62,Measles - number of reported cases,https://www.who.int/data/gho/indicator-metadata-registry/imr-details/60,PUBLISHED,Published,,1989.0,1989,,WPR,Western Pacific,,,1989,1989,,,PHL,Philippines,,68986.0,68986.00000,,,,,
156,WHS3_56,Neonatal tetanus - number of reported cases,https://www.who.int/data/gho/indicator-metadata-registry/imr-details/58,PUBLISHED,Published,,2018.0,2018,,WPR,Western Pacific,,,2018,2018,,,PHL,Philippines,,54.0,54.00000,,,,,
157,WHS3_56,Neonatal tetanus - number of reported cases,https://www.who.int/data/gho/indicator-metadata-registry/imr-details/58,PUBLISHED,Published,,2017.0,2017,,WPR,Western Pacific,,,2017,2017,,,PHL,Philippines,,82.0,82.00000,,,,,
158,WHS3_56,Neonatal tetanus - number of reported cases,https://www.who.int/data/gho/indicator-metadata-registry/imr-details/58,PUBLISHED,Published,,2016.0,2016,,WPR,Western Pacific,,,2016,2016,,,PHL,Philippines,,85.0,85.00000,,,,,
159,WHS3_56,Neonatal tetanus - number of reported cases,https://www.who.int/data/gho/indicator-metadata-registry/imr-details/58,PUBLISHED,Published,,2015.0,2015,,WPR,Western Pacific,,,2015,2015,,,PHL,Philippines,,72.0,72.00000,,,,,
160,WHS3_56,Neonatal tetanus - number of reported cases,https://www.who.int/data/gho/indicator-metadata-registry/imr-details/58,PUBLISHED,Published,,2001.0,2001,,WPR,Western Pacific,,,2001,2001,,,PHL,Philippines,,283.0,283.00000,,,,,
161,WHS3_56,Neonatal tetanus - number of reported cases,https://www.who.int/data/gho/indicator-metadata-registry/imr-details/58,PUBLISHED,Published,,2000.0,2000,,WPR,Western Pacific,,,2000,2000,,,PHL,Philippines,,281.0,281.00000,,,,,
162,WHS3_56,Neonatal tetanus - number of reported cases,https://www.who.int/data/gho/indicator-metadata-registry/imr-details/58,PUBLISHED,Published,,1999.0,1999,,WPR,Western Pacific,,,1999,1999,,,PHL,Philippines,,332.0,332.00000,,,,,
163,WHS3_56,Neonatal tetanus - number of reported cases,https://www.who.int/data/gho/indicator-metadata-registry/imr-details/58,PUBLISHED,Published,,1998.0,1998,,WPR,Western Pacific,,,1998,1998,,,PHL,Philippines,,50.0,50.00000,,,,,
164,WHS3_56,Neonatal tetanus - number of reported cases,https://www.who.int/data/gho/indicator-metadata-registry/imr-details/58,PUBLISHED,Published,,1984.0,1984,,WPR,Western Pacific,,,1984,1984,,,PHL,Philippines,,1200.0,1200.00000,,,,,
165,WHS3_56,Neonatal tetanus - number of reported cases,https://www.who.int/data/gho/indicator-metadata-registry/imr-details/58,PUBLISHED,Published,,1983.0,1983,,WPR,Western Pacific,,,1983,1983,,,PHL,Philippines,,1043.0,1043.00000,,,,,
166,WHS3_56,Neonatal tetanus - number of reported cases,https://www.who.int/data/gho/indicator-metadata-registry/imr-details/58,PUBLISHED,Published,,1982.0,1982,,WPR,Western Pacific,,,1982,1982,,,PHL,Philippines,,1095.0,1095.00000,,,,,
167,WHS3_56,Neonatal tetanus - number of reported cases,https://www.who.int/data/gho/indicator-metadata-registry/imr-details/58,PUBLISHED,Published,,1981.0,1981,,WPR,Western Pacific,,,1981,1981,,,PHL,Philippines,,1022.0,1022.00000,,,,,
168,WHS3_49,Poliomyelitis - number of reported cases,https://www.who.int/data/gho/indicator-metadata-registry/imr-details/51,PUBLISHED,Published,,2010.0,2010,,WPR,Western Pacific,,,2010,2010,,,PHL,Philippines,,0.0,0.00000,,,,,
169,WHS3_49,Poliomyelitis - number of reported cases,https://www.who.int/data/gho/indicator-metadata-registry/imr-details/51,PUBLISHED,Published,,2009.0,2009,,WPR,Western Pacific,,,2009,2009,,,PHL,Philippines,,0.0,0.00000,,,,,
170,WHS3_49,Poliomyelitis - number of reported cases,https://www.who.int/data/gho/indicator-metadata-registry/imr-details/51,PUBLISHED,Published,,2008.0,2008,,WPR,Western Pacific,,,2008,2008,,,PHL,Philippines,,0.0,0.00000,,,,,
171,WHS3_49,Poliomyelitis - number of reported cases,https://www.who.int/data/gho/indicator-metadata-registry/imr-details/51,PUBLISHED,Published,,2007.0,2007,,WPR,Western Pacific,,,2007,2007,,,PHL,Philippines,,0.0,0.00000,,,,,
172,WHS3_49,Poliomyelitis - number of reported cases,https://www.who.int/data/gho/indicator-metadata-registry/imr-details/51,PUBLISHED,Published,,1993.0,1993,,WPR,Western Pacific,,,1993,1993,,,PHL,Philippines,,15.0,15.00000,,,,,
173,WHS3_49,Poliomyelitis - number of reported cases,https://www.who.int/data/gho/indicator-metadata-registry/imr-details/51,PUBLISHED,Published,,1992.0,1992,,WPR,Western Pacific,,,1992,1992,,,PHL,Philippines,,14.0,14.00000,,,,,
174,WHS3_49,Poliomyelitis - number of reported cases,https://www.who.int/data/gho/indicator-metadata-registry/imr-details/51,PUBLISHED,Published,,1991.0,1991,,WPR,Western Pacific,,,1991,1991,,,PHL,Philippines,,11.0,11.00000,,,,,
175,WHS3_49,Poliomyelitis - number of reported cases,https://www.who.int/data/gho/indicator-metadata-registry/imr-details/51,PUBLISHED,Published,,1990.0,1990,,WPR,Western Pacific,,,1990,1990,,,PHL,Philippines,,85.0,85.00000,,,,,
176,WHS3_57,Total rubella - number of reported cases,https://www.who.int/data/gho/indicator-metadata-registry/imr-details/59,PUBLISHED,Published,,2018.0,2018,,WPR,Western Pacific,,,2018,2018,,,PHL,Philippines,,129.0,,,,,,
177,WHS3_46,Total tetanus - number of reported cases,https://www.who.int/data/gho/indicator-metadata-registry/imr-details/48,PUBLISHED,Published,,2007.0,2007,,WPR,Western Pacific,,,2007,2007,,,PHL,Philippines,,1261.0,1261.00000,,,,,
178,WHS3_46,Total tetanus - number of reported cases,https://www.who.int/data/gho/indicator-metadata-registry/imr-details/48,PUBLISHED,Published,,2006.0,2006,,WPR,Western Pacific,,,2006,2006,,,PHL,Philippines,,1232.0,1232.00000,,,,,
179,WHS3_46,Total tetanus - number of reported cases,https://www.who.int/data/gho/indicator-metadata-registry/imr-details/48,PUBLISHED,Published,,2005.0,2005,,WPR,Western Pacific,,,2005,2005,,,PHL,Philippines,,922.0,922.00000,,,,,
180,WHS3_46,Total tetanus - number of reported cases,https://www.who.int/data/gho/indicator-metadata-registry/imr-details/48,PUBLISHED,Published,,2004.0,2004,,WPR,Western Pacific,,,2004,2004,,,PHL,Philippines,,1293.0,1293.00000,,,,,
181,WHS3_46,Total tetanus - number of reported cases,https://www.who.int/data/gho/indicator-metadata-registry/imr-details/48,PUBLISHED,Published,,1989.0,1989,,WPR,Western Pacific,,,1989,1989,,,PHL,Philippines,,3102.0,3102.00000,,,,,
182,WHS3_46,Total tetanus - number of reported cases,https://www.who.int/data/gho/indicator-metadata-registry/imr-details/48,PUBLISHED,Published,,1988.0,1988,,WPR,Western Pacific,,,1988,1988,,,PHL,Philippines,,3199.0,3199.00000,,,,,
183,WHS3_46,Total tetanus - number of reported cases,https://www.who.int/data/gho/indicator-metadata-registry/imr-details/48,PUBLISHED,Published,,1987.0,1987,,WPR,Western Pacific,,,1987,1987,,,PHL,Philippines,,2910.0,2910.00000,,,,,
184,WHS3_46,Total tetanus - number of reported cases,https://www.who.int/data/gho/indicator-metadata-registry/imr-details/48,PUBLISHED,Published,,1986.0,1986,,WPR,Western Pacific,,,1986,1986,,,PHL,Philippines,,3381.0,3381.00000,,,,,
185,WHS3_43,Pertussis - number of reported cases,https://www.who.int/data/gho/indicator-metadata-registry/imr-details/45,PUBLISHED,Published,,2005.0,2005,,WPR,Western Pacific,,,2005,2005,,,PHL,Philippines,,20.0,20.00000,,,,,
186,WHS3_43,Pertussis - number of reported cases,https://www.who.int/data/gho/indicator-metadata-registry/imr-details/45,PUBLISHED,Published,,2004.0,2004,,WPR,Western Pacific,,,2004,2004,,,PHL,Philippines,,10.0,10.00000,,,,,
187,WHS3_43,Pertussis - number of reported cases,https://www.who.int/data/gho/indicator-metadata-registry/imr-details/45,PUBLISHED,Published,,2003.0,2003,,WPR,Western Pacific,,,2003,2003,,,PHL,Philippines,,9.0,9.00000,,,,,
188,WHS3_43,Pertussis - number of reported cases,https://www.who.int/data/gho/indicator-metadata-registry/imr-details/45,PUBLISHED,Published,,2002.0,2002,,WPR,Western Pacific,,,2002,2002,,,PHL,Philippines,,8.0,8.00000,,,,,
189,WHS3_43,Pertussis - number of reported cases,https://www.who.int/data/gho/indicator-metadata-registry/imr-details/45,PUBLISHED,Published,,1988.0,1988,,WPR,Western Pacific,,,1988,1988,,,PHL,Philippines,,7814.0,7814.00000,,,,,
190,WHS3_43,Pertussis - number of reported cases,https://www.who.int/data/gho/indicator-metadata-registry/imr-details/45,PUBLISHED,Published,,1987.0,1987,,WPR,Western Pacific,,,1987,1987,,,PHL,Philippines,,8856.0,8856.00000,,,,,
191,WHS3_43,Pertussis - number of reported cases,https://www.who.int/data/gho/indicator-metadata-registry/imr-details/45,PUBLISHED,Published,,1986.0,1986,,WPR,Western Pacific,,,1986,1986,,,PHL,Philippines,,16139.0,16139.00000,,,,,
192,WHS3_43,Pertussis - number of reported cases,https://www.who.int/data/gho/indicator-metadata-registry/imr-details/45,PUBLISHED,Published,,1985.0,1985,,WPR,Western Pacific,,,1985,1985,,,PHL,Philippines,,19628.0,19628.00000,,,,,
193,WHS3_43,Pertussis - number of reported cases,https://www.who.int/data/gho/indicator-metadata-registry/imr-details/45,PUBLISHED,Published,,1984.0,1984,,WPR,Western Pacific,,,1984,1984,,,PHL,Philippines,,21479.0,21479.00000,,,,,
194,WHS3_45,Number of new leprosy cases,https://www.who.int/data/gho/indicator-metadata-registry/imr-details/47,PUBLISHED,Published,,2018.0,2018,,WPR,Western Pacific,,,2018,2018,,,PHL,Philippines,,2176.0,2176.00000,,,,,
195,WHS3_45,Number of new leprosy cases,https://www.who.int/data/gho/indicator-metadata-registry/imr-details/47,PUBLISHED,Published,,2014.0,2014,,WPR,Western Pacific,,,2014,2014,,,PHL,Philippines,,1655.0,1655.00000,,,,,
196,WHS3_45,Number of new leprosy cases,https://www.who.int/data/gho/indicator-metadata-registry/imr-details/47,PUBLISHED,Published,,2015.0,2015,,WPR,Western Pacific,,,2015,2015,,,PHL,Philippines,,1617.0,1617.00000,,,,,
197,WHS3_45,Number of new leprosy cases,https://www.who.int/data/gho/indicator-metadata-registry/imr-details/47,PUBLISHED,Published,,2006.0,2006,,WPR,Western Pacific,,,2006,2006,,,PHL,Philippines,,2517.0,2517.00000,,,,,
198,WHS3_45,Number of new leprosy cases,https://www.who.int/data/gho/indicator-metadata-registry/imr-details/47,PUBLISHED,Published,,2005.0,2005,,WPR,Western Pacific,,,2005,2005,,,PHL,Philippines,,3130.0,3130.00000,,,,,
199,WHS3_45,Number of new leprosy cases,https://www.who.int/data/gho/indicator-metadata-registry/imr-details/47,PUBLISHED,Published,,2010.0,2010,,WPR,Western Pacific,,,2010,2010,,,PHL,Philippines,,2041.0,2041.00000,,,,,
200,CHOLERA_0000000002,Number of reported deaths from cholera,https://www.who.int/data/gho/indicator-metadata-registry/imr-details/2446,PUBLISHED,Published,,1974.0,1974,,WPR,Western Pacific,,,1974,1974,,,PHL,Philippines,,33.0,33.00000,,,,,
201,CHOLERA_0000000002,Number of reported deaths from cholera,https://www.who.int/data/gho/indicator-metadata-registry/imr-details/2446,PUBLISHED,Published,,1976.0,1976,,WPR,Western Pacific,,,1976,1976,,,PHL,Philippines,,160.0,160.00000,,,,,
202,CHOLERA_0000000002,Number of reported deaths from cholera,https://www.who.int/data/gho/indicator-metadata-registry/imr-details/2446,PUBLISHED,Published,,1996.0,1996,,WPR,Western Pacific,,,1996,1996,,,PHL,Philippines,,14.0,14.00000,,,,,
203,CHOLERA_0000000002,Number of reported deaths from cholera,https://www.who.int/data/gho/indicator-metadata-registry/imr-details/2446,PUBLISHED,Published,,1969.0,1969,,WPR,Western Pacific,,,1969,1969,,,PHL,Philippines,,106.0,106.00000,,,,,
204,CHOLERA_0000000002,Number of reported deaths from cholera,https://www.who.int/data/gho/indicator-metadata-registry/imr-details/2446,PUBLISHED,Published,,1970.0,1970,,WPR,Western Pacific,,,1970,1970,,,PHL,Philippines,,38.0,38.00000,,,,,
205,CHOLERA_0000000002,Number of reported deaths from cholera,https://www.who.int/data/gho/indicator-metadata-registry/imr-details/2446,PUBLISHED,Published,,1999.0,1999,,WPR,Western Pacific,,,1999,1999,,,PHL,Philippines,,0.0,0.00000,,,,,
206,CHOLERA_0000000001,Number of reported cases of cholera,https://www.who.int/data/gho/indicator-metadata-registry/imr-details/42,PUBLISHED,Published,,1965.0,1965,,WPR,Western Pacific,,,1965,1965,,,PHL,Philippines,,4581.0,,,,,,
207,CHOLERA_0000000001,Number of reported cases of cholera,https://www.who.int/data/gho/indicator-metadata-registry/imr-details/42,PUBLISHED,Published,,1993.0,1993,,WPR,Western Pacific,,,1993,1993,,,PHL,Philippines,,708.0,,,,,,
208,CHOLERA_0000000001,Number of reported cases of cholera,https://www.who.int/data/gho/indicator-metadata-registry/imr-details/42,PUBLISHED,Published,,1994.0,1994,,WPR,Western Pacific,,,1994,1994,,,PHL,Philippines,,3340.0,,,,,,
209,CHOLERA_0000000001,Number of reported cases of cholera,https://www.who.int/data/gho/indicator-metadata-registry/imr-details/42,PUBLISHED,Published,,1995.0,1995,,WPR,Western Pacific,,,1995,1995,,,PHL,Philippines,,847.0,,,,,,
210,CHOLERA_0000000001,Number of reported cases of cholera,https://www.who.int/data/gho/indicator-metadata-registry/imr-details/42,PUBLISHED,Published,,1992.0,1992,,WPR,Western Pacific,,,1992,1992,,,PHL,Philippines,,345.0,,,,,,
211,CHOLERA_0000000001,Number of reported cases of cholera,https://www.who.int/data/gho/indicator-metadata-registry/imr-details/42,PUBLISHED,Published,,1996.0,1996,,WPR,Western Pacific,,,1996,1996,,,PHL,Philippines,,1402.0,,,,,,
212,CHOLERA_0000000001,Number of reported cases of cholera,https://www.who.int/data/gho/indicator-metadata-registry/imr-details/42,PUBLISHED,Published,,1985.0,1985,,WPR,Western Pacific,,,1985,1985,,,PHL,Philippines,,10.0,,,,,,
213,CHOLERA_0000000001,Number of reported cases of cholera,https://www.who.int/data/gho/indicator-metadata-registry/imr-details/42,PUBLISHED,Published,,2006.0,2006,,WPR,Western Pacific,,,2006,2006,,,PHL,Philippines,,66.0,,,,,,
214,CHOLERA_0000000001,Number of reported cases of cholera,https://www.who.int/data/gho/indicator-metadata-registry/imr-details/42,PUBLISHED,Published,,2000.0,2000,,WPR,Western Pacific,,,2000,2000,,,PHL,Philippines,,275.0,,,,,,
215,CHOLERA_0000000001,Number of reported cases of cholera,https://www.who.int/data/gho/indicator-metadata-registry/imr-details/42,PUBLISHED,Published,,2010.0,2010,,WPR,Western Pacific,,,2010,2010,,,PHL,Philippines,,33.0,,,,,,
216,CHOLERA_0000000003,Cholera case fatality rate,https://www.who.int/data/gho/indicator-metadata-registry/imr-details/2445,PUBLISHED,Published,,1995.0,1995,,WPR,Western Pacific,,,1995,1995,,,PHL,Philippines,,0.47,,,,,,
217,CHOLERA_0000000003,Cholera case fatality rate,https://www.who.int/data/gho/indicator-metadata-registry/imr-details/2445,PUBLISHED,Published,,1973.0,1973,,WPR,Western Pacific,,,1973,1973,,,PHL,Philippines,,15.74,,,,,,
218,CHOLERA_0000000003,Cholera case fatality rate,https://www.who.int/data/gho/indicator-metadata-registry/imr-details/2445,PUBLISHED,Published,,1975.0,1975,,WPR,Western Pacific,,,1975,1975,,,PHL,Philippines,,2.21,,,,,,
219,CHOLERA_0000000003,Cholera case fatality rate,https://www.who.int/data/gho/indicator-metadata-registry/imr-details/2445,PUBLISHED,Published,,1978.0,1978,,WPR,Western Pacific,,,1978,1978,,,PHL,Philippines,,8.66,,,,,,
220,CHOLERA_0000000003,Cholera case fatality rate,https://www.who.int/data/gho/indicator-metadata-registry/imr-details/2445,PUBLISHED,Published,,1980.0,1980,,WPR,Western Pacific,,,1980,1980,,,PHL,Philippines,,7.3,,,,,,
221,CHOLERA_0000000003,Cholera case fatality rate,https://www.who.int/data/gho/indicator-metadata-registry/imr-details/2445,PUBLISHED,Published,,1985.0,1985,,WPR,Western Pacific,,,1985,1985,,,PHL,Philippines,,10.0,,,,,,
222,CHOLERA_0000000003,Cholera case fatality rate,https://www.who.int/data/gho/indicator-metadata-registry/imr-details/2445,PUBLISHED,Published,,1961.0,1961,,WPR,Western Pacific,,,1961,1961,,,PHL,Philippines,,14.16,,,,,,
223,CHOLERA_0000000003,Cholera case fatality rate,https://www.who.int/data/gho/indicator-metadata-registry/imr-details/2445,PUBLISHED,Published,,1962.0,1962,,WPR,Western Pacific,,,1962,1962,,,PHL,Philippines,,12.92,,,,,,
224,CHOLERA_0000000003,Cholera case fatality rate,https://www.who.int/data/gho/indicator-metadata-registry/imr-details/2445,PUBLISHED,Published,,1963.0,1963,,WPR,Western Pacific,,,1963,1963,,,PHL,Philippines,,10.88,,,,,,
225,CHOLERA_0000000003,Cholera case fatality rate,https://www.who.int/data/gho/indicator-metadata-registry/imr-details/2445,PUBLISHED,Published,,1967.0,1967,,WPR,Western Pacific,,,1967,1967,,,PHL,Philippines,,3.19,,,,,,
226,CHOLERA_0000000003,Cholera case fatality rate,https://www.who.int/data/gho/indicator-metadata-registry/imr-details/2445,PUBLISHED,Published,,1997.0,1997,,WPR,Western Pacific,,,1997,1997,,,PHL,Philippines,,0.0,,,,,,
227,CHOLERA_0000000003,Cholera case fatality rate,https://www.who.int/data/gho/indicator-metadata-registry/imr-details/2445,PUBLISHED,Published,,1999.0,1999,,WPR,Western Pacific,,,1999,1999,,,PHL,Philippines,,0.0,,,,,,
228,CHOLERA_0000000003,Cholera case fatality rate,https://www.who.int/data/gho/indicator-metadata-registry/imr-details/2445,PUBLISHED,Published,,2000.0,2000,,WPR,Western Pacific,,,2000,2000,,,PHL,Philippines,,2.18,,,,,,
229,CHOLERA_0000000001,Number of reported cases of cholera,https://www.who.int/data/gho/indicator-metadata-registry/imr-details/42,PUBLISHED,Published,,2012.0,2012,,WPR,Western Pacific,,,2012,2012,,,PHL,Philippines,,1864.0,1864.00000,,,,,
230,CHOLERA_0000000002,Number of reported deaths from cholera,https://www.who.int/data/gho/indicator-metadata-registry/imr-details/2446,PUBLISHED,Published,,2016.0,2016,,WPR,Western Pacific,,,2016,2016,,,PHL,Philippines,,0.0,0.00000,,,,,
231,WHS3_45,Number of new leprosy cases,https://www.who.int/data/gho/indicator-metadata-registry/imr-details/47,PUBLISHED,Published,,2017.0,2017,,WPR,Western Pacific,,,2017,2017,,,PHL,Philippines,,1902.0,1902.00000,,,,,
232,WHS3_55,Congenital Rubella Syndrome - number of reported cases,https://www.who.int/data/gho/indicator-metadata-registry/imr-details/57,PUBLISHED,Published,,2005.0,2005,,WPR,Western Pacific,,,2005,2005,,,PHL,Philippines,,0.0,,,,,,
233,WHS3_41,Diphtheria - number of reported cases,https://www.who.int/data/gho/indicator-metadata-registry/imr-details/43,PUBLISHED,Published,,2018.0,2018,,WPR,Western Pacific,,,2018,2018,,,PHL,Philippines,,183.0,183.00000,,,,,
234,WHS3_41,Diphtheria - number of reported cases,https://www.who.int/data/gho/indicator-metadata-registry/imr-details/43,PUBLISHED,Published,,2009.0,2009,,WPR,Western Pacific,,,2009,2009,,,PHL,Philippines,,118.0,118.00000,,,,,
235,WHS3_41,Diphtheria - number of reported cases,https://www.who.int/data/gho/indicator-metadata-registry/imr-details/43,PUBLISHED,Published,,2007.0,2007,,WPR,Western Pacific,,,2007,2007,,,PHL,Philippines,,39.0,39.00000,,,,,
236,WHS3_41,Diphtheria - number of reported cases,https://www.who.int/data/gho/indicator-metadata-registry/imr-details/43,PUBLISHED,Published,,2000.0,2000,,WPR,Western Pacific,,,2000,2000,,,PHL,Philippines,,88.0,88.00000,,,,,
237,WHS3_41,Diphtheria - number of reported cases,https://www.who.int/data/gho/indicator-metadata-registry/imr-details/43,PUBLISHED,Published,,1998.0,1998,,WPR,Western Pacific,,,1998,1998,,,PHL,Philippines,,83.0,83.00000,,,,,
238,WHS3_41,Diphtheria - number of reported cases,https://www.who.int/data/gho/indicator-metadata-registry/imr-details/43,PUBLISHED,Published,,1992.0,1992,,WPR,Western Pacific,,,1992,1992,,,PHL,Philippines,,759.0,759.00000,,,,,
239,WHS3_41,Diphtheria - number of reported cases,https://www.who.int/data/gho/indicator-metadata-registry/imr-details/43,PUBLISHED,Published,,1990.0,1990,,WPR,Western Pacific,,,1990,1990,,,PHL,Philippines,,921.0,921.00000,,,,,
240,WHS3_41,Diphtheria - number of reported cases,https://www.who.int/data/gho/indicator-metadata-registry/imr-details/43,PUBLISHED,Published,,1983.0,1983,,WPR,Western Pacific,,,1983,1983,,,PHL,Philippines,,1812.0,1812.00000,,,,,
241,WHS3_41,Diphtheria - number of reported cases,https://www.who.int/data/gho/indicator-metadata-registry/imr-details/43,PUBLISHED,Published,,1981.0,1981,,WPR,Western Pacific,,,1981,1981,,,PHL,Philippines,,819.0,819.00000,,,,,
242,WHS3_42,Japanese encephalitis - number of reported cases,https://www.who.int/data/gho/indicator-metadata-registry/imr-details/44,PUBLISHED,Published,,2016.0,2016,,WPR,Western Pacific,,,2016,2016,,,PHL,Philippines,,312.0,312.00000,,,,,
243,WHS3_42,Japanese encephalitis - number of reported cases,https://www.who.int/data/gho/indicator-metadata-registry/imr-details/44,PUBLISHED,Published,,2014.0,2014,,WPR,Western Pacific,,,2014,2014,,,PHL,Philippines,,69.0,69.00000,,,,,
244,WHS3_62,Measles - number of reported cases,https://www.who.int/data/gho/indicator-metadata-registry/imr-details/60,PUBLISHED,Published,,2013.0,2013,,WPR,Western Pacific,,,2013,2013,,,PHL,Philippines,,2920.0,2920.00000,,,,,
245,WHS3_62,Measles - number of reported cases,https://www.who.int/data/gho/indicator-metadata-registry/imr-details/60,PUBLISHED,Published,,2011.0,2011,,WPR,Western Pacific,,,2011,2011,,,PHL,Philippines,,6538.0,6538.00000,,,,,
246,WHS3_62,Measles - number of reported cases,https://www.who.int/data/gho/indicator-metadata-registry/imr-details/60,PUBLISHED,Published,,2006.0,2006,,WPR,Western Pacific,,,2006,2006,,,PHL,Philippines,,9.0,9.00000,,,,,
247,WHS3_62,Measles - number of reported cases,https://www.who.int/data/gho/indicator-metadata-registry/imr-details/60,PUBLISHED,Published,,2004.0,2004,,WPR,Western Pacific,,,2004,2004,,,PHL,Philippines,,3025.0,3025.00000,,,,,
248,WHS3_62,Measles - number of reported cases,https://www.who.int/data/gho/indicator-metadata-registry/imr-details/60,PUBLISHED,Published,,1997.0,1997,,WPR,Western Pacific,,,1997,1997,,,PHL,Philippines,,9218.0,9218.00000,,,,,
249,WHS3_62,Measles - number of reported cases,https://www.who.int/data/gho/indicator-metadata-registry/imr-details/60,PUBLISHED,Published,,1994.0,1994,,WPR,Western Pacific,,,1994,1994,,,PHL,Philippines,,3006.0,3006.00000,,,,,
250,WHS3_62,Measles - number of reported cases,https://www.who.int/data/gho/indicator-metadata-registry/imr-details/60,PUBLISHED,Published,,1987.0,1987,,WPR,Western Pacific,,,1987,1987,,,PHL,Philippines,,81896.0,81896.00000,,,,,
251,WHS3_62,Measles - number of reported cases,https://www.who.int/data/gho/indicator-metadata-registry/imr-details/60,PUBLISHED,Published,,1985.0,1985,,WPR,Western Pacific,,,1985,1985,,,PHL,Philippines,,62959.0,62959.00000,,,,,
252,WHS3_62,Measles - number of reported cases,https://www.who.int/data/gho/indicator-metadata-registry/imr-details/60,PUBLISHED,Published,,1980.0,1980,,WPR,Western Pacific,,,1980,1980,,,PHL,Philippines,,26765.0,26765.00000,,,,,
253,WHS3_56,Neonatal tetanus - number of reported cases,https://www.who.int/data/gho/indicator-metadata-registry/imr-details/58,PUBLISHED,Published,,2014.0,2014,,WPR,Western Pacific,,,2014,2014,,,PHL,Philippines,,92.0,92.00000,,,,,
254,WHS3_56,Neonatal tetanus - number of reported cases,https://www.who.int/data/gho/indicator-metadata-registry/imr-details/58,PUBLISHED,Published,,2012.0,2012,,WPR,Western Pacific,,,2012,2012,,,PHL,Philippines,,131.0,131.00000,,,,,
255,WHS3_56,Neonatal tetanus - number of reported cases,https://www.who.int/data/gho/indicator-metadata-registry/imr-details/58,PUBLISHED,Published,,2005.0,2005,,WPR,Western Pacific,,,2005,2005,,,PHL,Philippines,,177.0,177.00000,,,,,
256,WHS3_56,Neonatal tetanus - number of reported cases,https://www.who.int/data/gho/indicator-metadata-registry/imr-details/58,PUBLISHED,Published,,2003.0,2003,,WPR,Western Pacific,,,2003,2003,,,PHL,Philippines,,239.0,239.00000,,,,,
257,WHS3_56,Neonatal tetanus - number of reported cases,https://www.who.int/data/gho/indicator-metadata-registry/imr-details/58,PUBLISHED,Published,,1995.0,1995,,WPR,Western Pacific,,,1995,1995,,,PHL,Philippines,,288.0,288.00000,,,,,
258,WHS3_56,Neonatal tetanus - number of reported cases,https://www.who.int/data/gho/indicator-metadata-registry/imr-details/58,PUBLISHED,Published,,1993.0,1993,,WPR,Western Pacific,,,1993,1993,,,PHL,Philippines,,455.0,455.00000,,,,,
259,WHS3_56,Neonatal tetanus - number of reported cases,https://www.who.int/data/gho/indicator-metadata-registry/imr-details/58,PUBLISHED,Published,,1988.0,1988,,WPR,Western Pacific,,,1988,1988,,,PHL,Philippines,,1115.0,1115.00000,,,,,
260,WHS3_56,Neonatal tetanus - number of reported cases,https://www.who.int/data/gho/indicator-metadata-registry/imr-details/58,PUBLISHED,Published,,1986.0,1986,,WPR,Western Pacific,,,1986,1986,,,PHL,Philippines,,1210.0,1210.00000,,,,,
261,WHS3_49,Poliomyelitis - number of reported cases,https://www.who.int/data/gho/indicator-metadata-registry/imr-details/51,PUBLISHED,Published,,2013.0,2013,,WPR,Western Pacific,,,2013,2013,,,PHL,Philippines,,0.0,0.00000,,,,,
262,WHS3_49,Poliomyelitis - number of reported cases,https://www.who.int/data/gho/indicator-metadata-registry/imr-details/51,PUBLISHED,Published,,2011.0,2011,,WPR,Western Pacific,,,2011,2011,,,PHL,Philippines,,0.0,0.00000,,,,,
263,WHS3_49,Poliomyelitis - number of reported cases,https://www.who.int/data/gho/indicator-metadata-registry/imr-details/51,PUBLISHED,Published,,2006.0,2006,,WPR,Western Pacific,,,2006,2006,,,PHL,Philippines,,0.0,0.00000,,,,,
264,WHS3_49,Poliomyelitis - number of reported cases,https://www.who.int/data/gho/indicator-metadata-registry/imr-details/51,PUBLISHED,Published,,2004.0,2004,,WPR,Western Pacific,,,2004,2004,,,PHL,Philippines,,0.0,0.00000,,,,,
265,WHS3_49,Poliomyelitis - number of reported cases,https://www.who.int/data/gho/indicator-metadata-registry/imr-details/51,PUBLISHED,Published,,1997.0,1997,,WPR,Western Pacific,,,1997,1997,,,PHL,Philippines,,0.0,0.00000,,,,,
266,WHS3_49,Poliomyelitis - number of reported cases,https://www.who.int/data/gho/indicator-metadata-registry/imr-details/51,PUBLISHED,Published,,1995.0,1995,,WPR,Western Pacific,,,1995,1995,,,PHL,Philippines,,40.0,40.00000,,,,,
267,WHS3_49,Poliomyelitis - number of reported cases,https://www.who.int/data/gho/indicator-metadata-registry/imr-details/51,PUBLISHED,Published,,1988.0,1988,,WPR,Western Pacific,,,1988,1988,,,PHL,Philippines,,344.0,344.00000,,,,,
268,WHS3_49,Poliomyelitis - number of reported cases,https://www.who.int/data/gho/indicator-metadata-registry/imr-details/51,PUBLISHED,Published,,1986.0,1986,,WPR,Western Pacific,,,1986,1986,,,PHL,Philippines,,375.0,375.00000,,,,,
269,WHS3_49,Poliomyelitis - number of reported cases,https://www.who.int/data/gho/indicator-metadata-registry/imr-details/51,PUBLISHED,Published,,1981.0,1981,,WPR,Western Pacific,,,1981,1981,,,PHL,Philippines,,292.0,292.00000,,,,,
270,WHS3_57,Total rubella - number of reported cases,https://www.who.int/data/gho/indicator-metadata-registry/imr-details/59,PUBLISHED,Published,,2017.0,2017,,WPR,Western Pacific,,,2017,2017,,,PHL,Philippines,,2111.0,,,,,,
271,WHS3_57,Total rubella - number of reported cases,https://www.who.int/data/gho/indicator-metadata-registry/imr-details/59,PUBLISHED,Published,,2015.0,2015,,WPR,Western Pacific,,,2015,2015,,,PHL,Philippines,,154.0,,,,,,
272,WHS3_57,Total rubella - number of reported cases,https://www.who.int/data/gho/indicator-metadata-registry/imr-details/59,PUBLISHED,Published,,2005.0,2005,,WPR,Western Pacific,,,2005,2005,,,PHL,Philippines,,0.0,,,,,,
273,WHS3_57,Total rubella - number of reported cases,https://www.who.int/data/gho/indicator-metadata-registry/imr-details/59,PUBLISHED,Published,,2001.0,2001,,WPR,Western Pacific,,,2001,2001,,,PHL,Philippines,,1712.0,,,,,,
274,WHS3_46,Total tetanus - number of reported cases,https://www.who.int/data/gho/indicator-metadata-registry/imr-details/48,PUBLISHED,Published,,2017.0,2017,,WPR,Western Pacific,,,2017,2017,,,PHL,Philippines,,1057.0,1057.00000,,,,,
275,WHS3_46,Total tetanus - number of reported cases,https://www.who.int/data/gho/indicator-metadata-registry/imr-details/48,PUBLISHED,Published,,2011.0,2011,,WPR,Western Pacific,,,2011,2011,,,PHL,Philippines,,1537.0,1537.00000,,,,,
276,WHS3_46,Total tetanus - number of reported cases,https://www.who.int/data/gho/indicator-metadata-registry/imr-details/48,PUBLISHED,Published,,2009.0,2009,,WPR,Western Pacific,,,2009,2009,,,PHL,Philippines,,1022.0,1022.00000,,,,,
277,WHS3_46,Total tetanus - number of reported cases,https://www.who.int/data/gho/indicator-metadata-registry/imr-details/48,PUBLISHED,Published,,2002.0,2002,,WPR,Western Pacific,,,2002,2002,,,PHL,Philippines,,1165.0,1165.00000,,,,,
278,WHS3_46,Total tetanus - number of reported cases,https://www.who.int/data/gho/indicator-metadata-registry/imr-details/48,PUBLISHED,Published,,2000.0,2000,,WPR,Western Pacific,,,2000,2000,,,PHL,Philippines,,1135.0,1135.00000,,,,,
279,WHS3_46,Total tetanus - number of reported cases,https://www.who.int/data/gho/indicator-metadata-registry/imr-details/48,PUBLISHED,Published,,1992.0,1992,,WPR,Western Pacific,,,1992,1992,,,PHL,Philippines,,710.0,710.00000,,,,,
280,WHS3_46,Total tetanus - number of reported cases,https://www.who.int/data/gho/indicator-metadata-registry/imr-details/48,PUBLISHED,Published,,1990.0,1990,,WPR,Western Pacific,,,1990,1990,,,PHL,Philippines,,2286.0,2286.00000,,,,,
281,WHS3_46,Total tetanus - number of reported cases,https://www.who.int/data/gho/indicator-metadata-registry/imr-details/48,PUBLISHED,Published,,1985.0,1985,,WPR,Western Pacific,,,1985,1985,,,PHL,Philippines,,3474.0,3474.00000,,,,,
282,WHS3_46,Total tetanus - number of reported cases,https://www.who.int/data/gho/indicator-metadata-registry/imr-details/48,PUBLISHED,Published,,1983.0,1983,,WPR,Western Pacific,,,1983,1983,,,PHL,Philippines,,2912.0,2912.00000,,,,,
283,WHS3_43,Pertussis - number of reported cases,https://www.who.int/data/gho/indicator-metadata-registry/imr-details/45,PUBLISHED,Published,,2017.0,2017,,WPR,Western Pacific,,,2017,2017,,,PHL,Philippines,,88.0,88.00000,,,,,
284,WHS3_43,Pertussis - number of reported cases,https://www.who.int/data/gho/indicator-metadata-registry/imr-details/45,PUBLISHED,Published,,2009.0,2009,,WPR,Western Pacific,,,2009,2009,,,PHL,Philippines,,2.0,2.00000,,,,,
285,WHS3_43,Pertussis - number of reported cases,https://www.who.int/data/gho/indicator-metadata-registry/imr-details/45,PUBLISHED,Published,,2007.0,2007,,WPR,Western Pacific,,,2007,2007,,,PHL,Philippines,,17.0,17.00000,,,,,
286,WHS3_43,Pertussis - number of reported cases,https://www.who.int/data/gho/indicator-metadata-registry/imr-details/45,PUBLISHED,Published,,2000.0,2000,,WPR,Western Pacific,,,2000,2000,,,PHL,Philippines,,23.0,23.00000,,,,,
287,WHS3_43,Pertussis - number of reported cases,https://www.who.int/data/gho/indicator-metadata-registry/imr-details/45,PUBLISHED,Published,,1998.0,1998,,WPR,Western Pacific,,,1998,1998,,,PHL,Philippines,,0.0,0.00000,,,,,
288,WHS3_43,Pertussis - number of reported cases,https://www.who.int/data/gho/indicator-metadata-registry/imr-details/45,PUBLISHED,Published,,1992.0,1992,,WPR,Western Pacific,,,1992,1992,,,PHL,Philippines,,5128.0,5128.00000,,,,,
289,WHS3_43,Pertussis - number of reported cases,https://www.who.int/data/gho/indicator-metadata-registry/imr-details/45,PUBLISHED,Published,,1990.0,1990,,WPR,Western Pacific,,,1990,1990,,,PHL,Philippines,,4135.0,4135.00000,,,,,
290,WHS3_43,Pertussis - number of reported cases,https://www.who.int/data/gho/indicator-metadata-registry/imr-details/45,PUBLISHED,Published,,1983.0,1983,,WPR,Western Pacific,,,1983,1983,,,PHL,Philippines,,17380.0,17380.00000,,,,,
291,WHS3_43,Pertussis - number of reported cases,https://www.who.int/data/gho/indicator-metadata-registry/imr-details/45,PUBLISHED,Published,,1981.0,1981,,WPR,Western Pacific,,,1981,1981,,,PHL,Philippines,,19178.0,19178.00000,,,,,
292,WHS3_45,Number of new leprosy cases,https://www.who.int/data/gho/indicator-metadata-registry/imr-details/47,PUBLISHED,Published,,2009.0,2009,,WPR,Western Pacific,,,2009,2009,,,PHL,Philippines,,1795.0,1795.00000,,,,,
293,WHS3_54,Number of reported cases of tuberculosis (DOTS),https://www.who.int/data/gho/indicator-metadata-registry/imr-details/56,PUBLISHED,Published,,2008.0,2008,,WPR,Western Pacific,,,2008,2008,,,PHL,Philippines,,85025.0,85025.00000,,,,,
294,CHOLERA_0000000002,Number of reported deaths from cholera,https://www.who.int/data/gho/indicator-metadata-registry/imr-details/2446,PUBLISHED,Published,,1993.0,1993,,WPR,Western Pacific,,,1993,1993,,,PHL,Philippines,,10.0,10.00000,,,,,
295,CHOLERA_0000000002,Number of reported deaths from cholera,https://www.who.int/data/gho/indicator-metadata-registry/imr-details/2446,PUBLISHED,Published,,1994.0,1994,,WPR,Western Pacific,,,1994,1994,,,PHL,Philippines,,27.0,27.00000,,,,,
296,CHOLERA_0000000002,Number of reported deaths from cholera,https://www.who.int/data/gho/indicator-metadata-registry/imr-details/2446,PUBLISHED,Published,,1995.0,1995,,WPR,Western Pacific,,,1995,1995,,,PHL,Philippines,,4.0,4.00000,,,,,
297,CHOLERA_0000000002,Number of reported deaths from cholera,https://www.who.int/data/gho/indicator-metadata-registry/imr-details/2446,PUBLISHED,Published,,1971.0,1971,,WPR,Western Pacific,,,1971,1971,,,PHL,Philippines,,109.0,109.00000,,,,,
298,CHOLERA_0000000002,Number of reported deaths from cholera,https://www.who.int/data/gho/indicator-metadata-registry/imr-details/2446,PUBLISHED,Published,,1977.0,1977,,WPR,Western Pacific,,,1977,1977,,,PHL,Philippines,,180.0,180.00000,,,,,
299,CHOLERA_0000000002,Number of reported deaths from cholera,https://www.who.int/data/gho/indicator-metadata-registry/imr-details/2446,PUBLISHED,Published,,1979.0,1979,,WPR,Western Pacific,,,1979,1979,,,PHL,Philippines,,408.0,408.00000,,,,,
300,CHOLERA_0000000002,Number of reported deaths from cholera,https://www.who.int/data/gho/indicator-metadata-registry/imr-details/2446,PUBLISHED,Published,,1985.0,1985,,WPR,Western Pacific,,,1985,1985,,,PHL,Philippines,,1.0,1.00000,,,,,
301,CHOLERA_0000000002,Number of reported deaths from cholera,https://www.who.int/data/gho/indicator-metadata-registry/imr-details/2446,PUBLISHED,Published,,1963.0,1963,,WPR,Western Pacific,,,1963,1963,,,PHL,Philippines,,433.0,433.00000,,,,,
302,CHOLERA_0000000002,Number of reported deaths from cholera,https://www.who.int/data/gho/indicator-metadata-registry/imr-details/2446,PUBLISHED,Published,,1967.0,1967,,WPR,Western Pacific,,,1967,1967,,,PHL,Philippines,,52.0,52.00000,,,,,
303,CHOLERA_0000000002,Number of reported deaths from cholera,https://www.who.int/data/gho/indicator-metadata-registry/imr-details/2446,PUBLISHED,Published,,2004.0,2004,,WPR,Western Pacific,,,2004,2004,,,PHL,Philippines,,3.0,3.00000,,,,,
304,CHOLERA_0000000002,Number of reported deaths from cholera,https://www.who.int/data/gho/indicator-metadata-registry/imr-details/2446,PUBLISHED,Published,,1997.0,1997,,WPR,Western Pacific,,,1997,1997,,,PHL,Philippines,,0.0,0.00000,,,,,
305,CHOLERA_0000000002,Number of reported deaths from cholera,https://www.who.int/data/gho/indicator-metadata-registry/imr-details/2446,PUBLISHED,Published,,1998.0,1998,,WPR,Western Pacific,,,1998,1998,,,PHL,Philippines,,17.0,17.00000,,,,,
306,CHOLERA_0000000002,Number of reported deaths from cholera,https://www.who.int/data/gho/indicator-metadata-registry/imr-details/2446,PUBLISHED,Published,,2000.0,2000,,WPR,Western Pacific,,,2000,2000,,,PHL,Philippines,,6.0,6.00000,,,,,
307,CHOLERA_0000000001,Number of reported cases of cholera,https://www.who.int/data/gho/indicator-metadata-registry/imr-details/42,PUBLISHED,Published,,1974.0,1974,,WPR,Western Pacific,,,1974,1974,,,PHL,Philippines,,1730.0,,,,,,
308,CHOLERA_0000000001,Number of reported cases of cholera,https://www.who.int/data/gho/indicator-metadata-registry/imr-details/42,PUBLISHED,Published,,1977.0,1977,,WPR,Western Pacific,,,1977,1977,,,PHL,Philippines,,1363.0,,,,,,
309,CHOLERA_0000000001,Number of reported cases of cholera,https://www.who.int/data/gho/indicator-metadata-registry/imr-details/42,PUBLISHED,Published,,1979.0,1979,,WPR,Western Pacific,,,1979,1979,,,PHL,Philippines,,1268.0,,,,,,
310,CHOLERA_0000000001,Number of reported cases of cholera,https://www.who.int/data/gho/indicator-metadata-registry/imr-details/42,PUBLISHED,Published,,1969.0,1969,,WPR,Western Pacific,,,1969,1969,,,PHL,Philippines,,1541.0,,,,,,
311,CHOLERA_0000000001,Number of reported cases of cholera,https://www.who.int/data/gho/indicator-metadata-registry/imr-details/42,PUBLISHED,Published,,1981.0,1981,,WPR,Western Pacific,,,1981,1981,,,PHL,Philippines,,864.0,,,,,,
312,CHOLERA_0000000001,Number of reported cases of cholera,https://www.who.int/data/gho/indicator-metadata-registry/imr-details/42,PUBLISHED,Published,,1982.0,1982,,WPR,Western Pacific,,,1982,1982,,,PHL,Philippines,,930.0,,,,,,
313,CHOLERA_0000000001,Number of reported cases of cholera,https://www.who.int/data/gho/indicator-metadata-registry/imr-details/42,PUBLISHED,Published,,1964.0,1964,,WPR,Western Pacific,,,1964,1964,,,PHL,Philippines,,16464.0,,,,,,
314,CHOLERA_0000000001,Number of reported cases of cholera,https://www.who.int/data/gho/indicator-metadata-registry/imr-details/42,PUBLISHED,Published,,1968.0,1968,,WPR,Western Pacific,,,1968,1968,,,PHL,Philippines,,2787.0,,,,,,
315,CHOLERA_0000000001,Number of reported cases of cholera,https://www.who.int/data/gho/indicator-metadata-registry/imr-details/42,PUBLISHED,Published,,1970.0,1970,,WPR,Western Pacific,,,1970,1970,,,PHL,Philippines,,1095.0,,,,,,
316,CHOLERA_0000000001,Number of reported cases of cholera,https://www.who.int/data/gho/indicator-metadata-registry/imr-details/42,PUBLISHED,Published,,2007.0,2007,,WPR,Western Pacific,,,2007,2007,,,PHL,Philippines,,0.0,,,,,,
317,CHOLERA_0000000003,Cholera case fatality rate,https://www.who.int/data/gho/indicator-metadata-registry/imr-details/2445,PUBLISHED,Published,,1993.0,1993,,WPR,Western Pacific,,,1993,1993,,,PHL,Philippines,,1.41,,,,,,
318,CHOLERA_0000000003,Cholera case fatality rate,https://www.who.int/data/gho/indicator-metadata-registry/imr-details/2445,PUBLISHED,Published,,1994.0,1994,,WPR,Western Pacific,,,1994,1994,,,PHL,Philippines,,0.81,,,,,,
319,CHOLERA_0000000003,Cholera case fatality rate,https://www.who.int/data/gho/indicator-metadata-registry/imr-details/2445,PUBLISHED,Published,,1972.0,1972,,WPR,Western Pacific,,,1972,1972,,,PHL,Philippines,,1.39,,,,,,
320,CHOLERA_0000000003,Cholera case fatality rate,https://www.who.int/data/gho/indicator-metadata-registry/imr-details/2445,PUBLISHED,Published,,1974.0,1974,,WPR,Western Pacific,,,1974,1974,,,PHL,Philippines,,1.91,,,,,,
321,CHOLERA_0000000003,Cholera case fatality rate,https://www.who.int/data/gho/indicator-metadata-registry/imr-details/2445,PUBLISHED,Published,,1970.0,1970,,WPR,Western Pacific,,,1970,1970,,,PHL,Philippines,,3.47,,,,,,
322,CHOLERA_0000000003,Cholera case fatality rate,https://www.who.int/data/gho/indicator-metadata-registry/imr-details/2445,PUBLISHED,Published,,2007.0,2007,,WPR,Western Pacific,,,2007,2007,,,PHL,Philippines,,0.0,,,,,,
323,CHOLERA_0000000003,Cholera case fatality rate,https://www.who.int/data/gho/indicator-metadata-registry/imr-details/2445,PUBLISHED,Published,,2006.0,2006,,WPR,Western Pacific,,,2006,2006,,,PHL,Philippines,,1.5,,,,,,
324,CHOLERA_0000000003,Cholera case fatality rate,https://www.who.int/data/gho/indicator-metadata-registry/imr-details/2445,PUBLISHED,Published,,2014.0,2014,,WPR,Western Pacific,,,2014,2014,,,PHL,Philippines,,0.2,0.17594,,,,,
325,CHOLERA_0000000001,Number of reported cases of cholera,https://www.who.int/data/gho/indicator-metadata-registry/imr-details/42,PUBLISHED,Published,,2016.0,2016,,WPR,Western Pacific,,,2016,2016,,,PHL,Philippines,,124.0,124.00000,,,,,
326,WHS3_41,Diphtheria - number of reported cases,https://www.who.int/data/gho/indicator-metadata-registry/imr-details/43,PUBLISHED,Published,,2006.0,2006,,WPR,Western Pacific,,,2006,2006,,,PHL,Philippines,,47.0,47.00000,,,,,
327,WHS3_41,Diphtheria - number of reported cases,https://www.who.int/data/gho/indicator-metadata-registry/imr-details/43,PUBLISHED,Published,,2005.0,2005,,WPR,Western Pacific,,,2005,2005,,,PHL,Philippines,,118.0,118.00000,,,,,
328,WHS3_41,Diphtheria - number of reported cases,https://www.who.int/data/gho/indicator-metadata-registry/imr-details/43,PUBLISHED,Published,,2004.0,2004,,WPR,Western Pacific,,,2004,2004,,,PHL,Philippines,,89.0,89.00000,,,,,
329,WHS3_41,Diphtheria - number of reported cases,https://www.who.int/data/gho/indicator-metadata-registry/imr-details/43,PUBLISHED,Published,,2003.0,2003,,WPR,Western Pacific,,,2003,2003,,,PHL,Philippines,,88.0,88.00000,,,,,
330,WHS3_41,Diphtheria - number of reported cases,https://www.who.int/data/gho/indicator-metadata-registry/imr-details/43,PUBLISHED,Published,,2002.0,2002,,WPR,Western Pacific,,,2002,2002,,,PHL,Philippines,,62.0,62.00000,,,,,
331,WHS3_41,Diphtheria - number of reported cases,https://www.who.int/data/gho/indicator-metadata-registry/imr-details/43,PUBLISHED,Published,,1988.0,1988,,WPR,Western Pacific,,,1988,1988,,,PHL,Philippines,,1202.0,1202.00000,,,,,
332,WHS3_41,Diphtheria - number of reported cases,https://www.who.int/data/gho/indicator-metadata-registry/imr-details/43,PUBLISHED,Published,,1987.0,1987,,WPR,Western Pacific,,,1987,1987,,,PHL,Philippines,,1443.0,1443.00000,,,,,
333,WHS3_41,Diphtheria - number of reported cases,https://www.who.int/data/gho/indicator-metadata-registry/imr-details/43,PUBLISHED,Published,,1986.0,1986,,WPR,Western Pacific,,,1986,1986,,,PHL,Philippines,,1630.0,1630.00000,,,,,
334,WHS3_41,Diphtheria - number of reported cases,https://www.who.int/data/gho/indicator-metadata-registry/imr-details/43,PUBLISHED,Published,,1985.0,1985,,WPR,Western Pacific,,,1985,1985,,,PHL,Philippines,,1669.0,1669.00000,,,,,
335,WHS3_42,Japanese encephalitis - number of reported cases,https://www.who.int/data/gho/indicator-metadata-registry/imr-details/44,PUBLISHED,Published,,2010.0,2010,,WPR,Western Pacific,,,2010,2010,,,PHL,Philippines,,181.0,181.00000,,,,,
336,WHS3_42,Japanese encephalitis - number of reported cases,https://www.who.int/data/gho/indicator-metadata-registry/imr-details/44,PUBLISHED,Published,,2009.0,2009,,WPR,Western Pacific,,,2009,2009,,,PHL,Philippines,,5.0,5.00000,,,,,
337,WHS3_42,Japanese encephalitis - number of reported cases,https://www.who.int/data/gho/indicator-metadata-registry/imr-details/44,PUBLISHED,Published,,2008.0,2008,,WPR,Western Pacific,,,2008,2008,,,PHL,Philippines,,34.0,34.00000,,,,,
338,WHS3_62,Measles - number of reported cases,https://www.who.int/data/gho/indicator-metadata-registry/imr-details/60,PUBLISHED,Published,,2018.0,2018,,WPR,Western Pacific,,,2018,2018,,,PHL,Philippines,,20827.0,20827.00000,,,,,
339,WHS3_62,Measles - number of reported cases,https://www.who.int/data/gho/indicator-metadata-registry/imr-details/60,PUBLISHED,Published,,2017.0,2017,,WPR,Western Pacific,,,2017,2017,,,PHL,Philippines,,2428.0,2428.00000,,,,,
340,WHS3_62,Measles - number of reported cases,https://www.who.int/data/gho/indicator-metadata-registry/imr-details/60,PUBLISHED,Published,,2016.0,2016,,WPR,Western Pacific,,,2016,2016,,,PHL,Philippines,,716.0,716.00000,,,,,
341,WHS3_62,Measles - number of reported cases,https://www.who.int/data/gho/indicator-metadata-registry/imr-details/60,PUBLISHED,Published,,2015.0,2015,,WPR,Western Pacific,,,2015,2015,,,PHL,Philippines,,619.0,619.00000,,,,,
342,WHS3_62,Measles - number of reported cases,https://www.who.int/data/gho/indicator-metadata-registry/imr-details/60,PUBLISHED,Published,,2002.0,2002,,WPR,Western Pacific,,,2002,2002,,,PHL,Philippines,,7003.0,7003.00000,,,,,
343,WHS3_62,Measles - number of reported cases,https://www.who.int/data/gho/indicator-metadata-registry/imr-details/60,PUBLISHED,Published,,2001.0,2001,,WPR,Western Pacific,,,2001,2001,,,PHL,Philippines,,7360.0,7360.00000,,,,,
344,WHS3_62,Measles - number of reported cases,https://www.who.int/data/gho/indicator-metadata-registry/imr-details/60,PUBLISHED,Published,,2000.0,2000,,WPR,Western Pacific,,,2000,2000,,,PHL,Philippines,,7120.0,7120.00000,,,,,
345,WHS3_62,Measles - number of reported cases,https://www.who.int/data/gho/indicator-metadata-registry/imr-details/60,PUBLISHED,Published,,1999.0,1999,,WPR,Western Pacific,,,1999,1999,,,PHL,Philippines,,2981.0,2981.00000,,,,,
346,WHS3_62,Measles - number of reported cases,https://www.who.int/data/gho/indicator-metadata-registry/imr-details/60,PUBLISHED,Published,,1984.0,1984,,WPR,Western Pacific,,,1984,1984,,,PHL,Philippines,,75290.0,75290.00000,,,,,
347,WHS3_62,Measles - number of reported cases,https://www.who.int/data/gho/indicator-metadata-registry/imr-details/60,PUBLISHED,Published,,1983.0,1983,,WPR,Western Pacific,,,1983,1983,,,PHL,Philippines,,43684.0,43684.00000,,,,,
348,WHS3_62,Measles - number of reported cases,https://www.who.int/data/gho/indicator-metadata-registry/imr-details/60,PUBLISHED,Published,,1982.0,1982,,WPR,Western Pacific,,,1982,1982,,,PHL,Philippines,,35989.0,35989.00000,,,,,
349,WHS3_62,Measles - number of reported cases,https://www.who.int/data/gho/indicator-metadata-registry/imr-details/60,PUBLISHED,Published,,1981.0,1981,,WPR,Western Pacific,,,1981,1981,,,PHL,Philippines,,27031.0,27031.00000,,,,,
350,WHS3_53,Mumps - number of reported cases,https://www.who.int/data/gho/indicator-metadata-registry/imr-details/55,PUBLISHED,Published,,2005.0,2005,,WPR,Western Pacific,,,2005,2005,,,PHL,Philippines,,0.0,0.00000,,,,,
351,WHS3_56,Neonatal tetanus - number of reported cases,https://www.who.int/data/gho/indicator-metadata-registry/imr-details/58,PUBLISHED,Published,,2010.0,2010,,WPR,Western Pacific,,,2010,2010,,,PHL,Philippines,,126.0,126.00000,,,,,
352,WHS3_56,Neonatal tetanus - number of reported cases,https://www.who.int/data/gho/indicator-metadata-registry/imr-details/58,PUBLISHED,Published,,2009.0,2009,,WPR,Western Pacific,,,2009,2009,,,PHL,Philippines,,172.0,172.00000,,,,,
353,WHS3_56,Neonatal tetanus - number of reported cases,https://www.who.int/data/gho/indicator-metadata-registry/imr-details/58,PUBLISHED,Published,,2008.0,2008,,WPR,Western Pacific,,,2008,2008,,,PHL,Philippines,,132.0,132.00000,,,,,
354,WHS3_56,Neonatal tetanus - number of reported cases,https://www.who.int/data/gho/indicator-metadata-registry/imr-details/58,PUBLISHED,Published,,2007.0,2007,,WPR,Western Pacific,,,2007,2007,,,PHL,Philippines,,121.0,121.00000,,,,,
355,WHS3_56,Neonatal tetanus - number of reported cases,https://www.who.int/data/gho/indicator-metadata-registry/imr-details/58,PUBLISHED,Published,,1992.0,1992,,WPR,Western Pacific,,,1992,1992,,,PHL,Philippines,,347.0,347.00000,,,,,
356,WHS3_56,Neonatal tetanus - number of reported cases,https://www.who.int/data/gho/indicator-metadata-registry/imr-details/58,PUBLISHED,Published,,1991.0,1991,,WPR,Western Pacific,,,1991,1991,,,PHL,Philippines,,224.0,224.00000,,,,,
357,WHS3_56,Neonatal tetanus - number of reported cases,https://www.who.int/data/gho/indicator-metadata-registry/imr-details/58,PUBLISHED,Published,,1990.0,1990,,WPR,Western Pacific,,,1990,1990,,,PHL,Philippines,,291.0,291.00000,,,,,
358,WHS3_56,Neonatal tetanus - number of reported cases,https://www.who.int/data/gho/indicator-metadata-registry/imr-details/58,PUBLISHED,Published,,1989.0,1989,,WPR,Western Pacific,,,1989,1989,,,PHL,Philippines,,254.0,254.00000,,,,,
359,WHS3_49,Poliomyelitis - number of reported cases,https://www.who.int/data/gho/indicator-metadata-registry/imr-details/51,PUBLISHED,Published,,2018.0,2018,,WPR,Western Pacific,,,2018,2018,,,PHL,Philippines,,0.0,0.00000,,,,,
360,WHS3_49,Poliomyelitis - number of reported cases,https://www.who.int/data/gho/indicator-metadata-registry/imr-details/51,PUBLISHED,Published,,2017.0,2017,,WPR,Western Pacific,,,2017,2017,,,PHL,Philippines,,0.0,0.00000,,,,,
361,WHS3_49,Poliomyelitis - number of reported cases,https://www.who.int/data/gho/indicator-metadata-registry/imr-details/51,PUBLISHED,Published,,2016.0,2016,,WPR,Western Pacific,,,2016,2016,,,PHL,Philippines,,0.0,0.00000,,,,,
362,WHS3_49,Poliomyelitis - number of reported cases,https://www.who.int/data/gho/indicator-metadata-registry/imr-details/51,PUBLISHED,Published,,2015.0,2015,,WPR,Western Pacific,,,2015,2015,,,PHL,Philippines,,0.0,0.00000,,,,,
363,WHS3_49,Poliomyelitis - number of reported cases,https://www.who.int/data/gho/indicator-metadata-registry/imr-details/51,PUBLISHED,Published,,2002.0,2002,,WPR,Western Pacific,,,2002,2002,,,PHL,Philippines,,0.0,0.00000,,,,,
364,WHS3_49,Poliomyelitis - number of reported cases,https://www.who.int/data/gho/indicator-metadata-registry/imr-details/51,PUBLISHED,Published,,2001.0,2001,,WPR,Western Pacific,,,2001,2001,,,PHL,Philippines,,3.0,3.00000,,,,,
365,WHS3_49,Poliomyelitis - number of reported cases,https://www.who.int/data/gho/indicator-metadata-registry/imr-details/51,PUBLISHED,Published,,2000.0,2000,,WPR,Western Pacific,,,2000,2000,,,PHL,Philippines,,0.0,0.00000,,,,,
366,WHS3_49,Poliomyelitis - number of reported cases,https://www.who.int/data/gho/indicator-metadata-registry/imr-details/51,PUBLISHED,Published,,1999.0,1999,,WPR,Western Pacific,,,1999,1999,,,PHL,Philippines,,0.0,0.00000,,,,,
367,WHS3_49,Poliomyelitis - number of reported cases,https://www.who.int/data/gho/indicator-metadata-registry/imr-details/51,PUBLISHED,Published,,1985.0,1985,,WPR,Western Pacific,,,1985,1985,,,PHL,Philippines,,557.0,557.00000,,,,,
368,WHS3_49,Poliomyelitis - number of reported cases,https://www.who.int/data/gho/indicator-metadata-registry/imr-details/51,PUBLISHED,Published,,1984.0,1984,,WPR,Western Pacific,,,1984,1984,,,PHL,Philippines,,428.0,428.00000,,,,,
369,WHS3_49,Poliomyelitis - number of reported cases,https://www.who.int/data/gho/indicator-metadata-registry/imr-details/51,PUBLISHED,Published,,1983.0,1983,,WPR,Western Pacific,,,1983,1983,,,PHL,Philippines,,355.0,355.00000,,,,,
370,WHS3_49,Poliomyelitis - number of reported cases,https://www.who.int/data/gho/indicator-metadata-registry/imr-details/51,PUBLISHED,Published,,1982.0,1982,,WPR,Western Pacific,,,1982,1982,,,PHL,Philippines,,440.0,440.00000,,,,,
371,WHS3_57,Total rubella - number of reported cases,https://www.who.int/data/gho/indicator-metadata-registry/imr-details/59,PUBLISHED,Published,,2013.0,2013,,WPR,Western Pacific,,,2013,2013,,,PHL,Philippines,,254.0,,,,,,
372,WHS3_57,Total rubella - number of reported cases,https://www.who.int/data/gho/indicator-metadata-registry/imr-details/59,PUBLISHED,Published,,2012.0,2012,,WPR,Western Pacific,,,2012,2012,,,PHL,Philippines,,100.0,,,,,,
373,WHS3_57,Total rubella - number of reported cases,https://www.who.int/data/gho/indicator-metadata-registry/imr-details/59,PUBLISHED,Published,,2011.0,2011,,WPR,Western Pacific,,,2011,2011,,,PHL,Philippines,,926.0,,,,,,
374,WHS3_57,Total rubella - number of reported cases,https://www.who.int/data/gho/indicator-metadata-registry/imr-details/59,PUBLISHED,Published,,2009.0,2009,,WPR,Western Pacific,,,2009,2009,,,PHL,Philippines,,578.0,,,,,,
375,WHS3_46,Total tetanus - number of reported cases,https://www.who.int/data/gho/indicator-metadata-registry/imr-details/48,PUBLISHED,Published,,2016.0,2016,,WPR,Western Pacific,,,2016,2016,,,PHL,Philippines,,1082.0,1082.00000,,,,,
376,WHS3_46,Total tetanus - number of reported cases,https://www.who.int/data/gho/indicator-metadata-registry/imr-details/48,PUBLISHED,Published,,2015.0,2015,,WPR,Western Pacific,,,2015,2015,,,PHL,Philippines,,880.0,880.00000,,,,,
377,WHS3_46,Total tetanus - number of reported cases,https://www.who.int/data/gho/indicator-metadata-registry/imr-details/48,PUBLISHED,Published,,2014.0,2014,,WPR,Western Pacific,,,2014,2014,,,PHL,Philippines,,839.0,839.00000,,,,,
378,WHS3_46,Total tetanus - number of reported cases,https://www.who.int/data/gho/indicator-metadata-registry/imr-details/48,PUBLISHED,Published,,2013.0,2013,,WPR,Western Pacific,,,2013,2013,,,PHL,Philippines,,1069.0,1069.00000,,,,,
379,WHS3_46,Total tetanus - number of reported cases,https://www.who.int/data/gho/indicator-metadata-registry/imr-details/48,PUBLISHED,Published,,1998.0,1998,,WPR,Western Pacific,,,1998,1998,,,PHL,Philippines,,648.0,648.00000,,,,,
380,WHS3_46,Total tetanus - number of reported cases,https://www.who.int/data/gho/indicator-metadata-registry/imr-details/48,PUBLISHED,Published,,1997.0,1997,,WPR,Western Pacific,,,1997,1997,,,PHL,Philippines,,1627.0,1627.00000,,,,,
381,WHS3_46,Total tetanus - number of reported cases,https://www.who.int/data/gho/indicator-metadata-registry/imr-details/48,PUBLISHED,Published,,1995.0,1995,,WPR,Western Pacific,,,1995,1995,,,PHL,Philippines,,1443.0,1443.00000,,,,,
382,WHS3_46,Total tetanus - number of reported cases,https://www.who.int/data/gho/indicator-metadata-registry/imr-details/48,PUBLISHED,Published,,1994.0,1994,,WPR,Western Pacific,,,1994,1994,,,PHL,Philippines,,1998.0,1998.00000,,,,,
383,WHS3_46,Total tetanus - number of reported cases,https://www.who.int/data/gho/indicator-metadata-registry/imr-details/48,PUBLISHED,Published,,1981.0,1981,,WPR,Western Pacific,,,1981,1981,,,PHL,Philippines,,2242.0,2242.00000,,,,,
384,WHS3_46,Total tetanus - number of reported cases,https://www.who.int/data/gho/indicator-metadata-registry/imr-details/48,PUBLISHED,Published,,1980.0,1980,,WPR,Western Pacific,,,1980,1980,,,PHL,Philippines,,3080.0,3080.00000,,,,,
385,WHS3_50,Yellow fever - number of reported cases,https://www.who.int/data/gho/indicator-metadata-registry/imr-details/52,PUBLISHED,Published,,2009.0,2009,,WPR,Western Pacific,,,2009,2009,,,PHL,Philippines,,0.0,,,,,,
386,WHS3_50,Yellow fever - number of reported cases,https://www.who.int/data/gho/indicator-metadata-registry/imr-details/52,PUBLISHED,Published,,2008.0,2008,,WPR,Western Pacific,,,2008,2008,,,PHL,Philippines,,0.0,,,,,,
387,WHS3_50,Yellow fever - number of reported cases,https://www.who.int/data/gho/indicator-metadata-registry/imr-details/52,PUBLISHED,Published,,2005.0,2005,,WPR,Western Pacific,,,2005,2005,,,PHL,Philippines,,0.0,,,,,,
388,WHS3_50,Yellow fever - number of reported cases,https://www.who.int/data/gho/indicator-metadata-registry/imr-details/52,PUBLISHED,Published,,1999.0,1999,,WPR,Western Pacific,,,1999,1999,,,PHL,Philippines,,0.0,,,,,,
389,WHS3_43,Pertussis - number of reported cases,https://www.who.int/data/gho/indicator-metadata-registry/imr-details/45,PUBLISHED,Published,,2015.0,2015,,WPR,Western Pacific,,,2015,2015,,,PHL,Philippines,,5.0,5.00000,,,,,
390,WHS3_43,Pertussis - number of reported cases,https://www.who.int/data/gho/indicator-metadata-registry/imr-details/45,PUBLISHED,Published,,2014.0,2014,,WPR,Western Pacific,,,2014,2014,,,PHL,Philippines,,0.0,0.00000,,,,,
391,WHS3_43,Pertussis - number of reported cases,https://www.who.int/data/gho/indicator-metadata-registry/imr-details/45,PUBLISHED,Published,,2013.0,2013,,WPR,Western Pacific,,,2013,2013,,,PHL,Philippines,,23.0,23.00000,,,,,
392,WHS3_43,Pertussis - number of reported cases,https://www.who.int/data/gho/indicator-metadata-registry/imr-details/45,PUBLISHED,Published,,2012.0,2012,,WPR,Western Pacific,,,2012,2012,,,PHL,Philippines,,0.0,0.00000,,,,,
393,WHS3_43,Pertussis - number of reported cases,https://www.who.int/data/gho/indicator-metadata-registry/imr-details/45,PUBLISHED,Published,,2010.0,2010,,WPR,Western Pacific,,,2010,2010,,,PHL,Philippines,,62.0,62.00000,,,,,
394,WHS3_43,Pertussis - number of reported cases,https://www.who.int/data/gho/indicator-metadata-registry/imr-details/45,PUBLISHED,Published,,1997.0,1997,,WPR,Western Pacific,,,1997,1997,,,PHL,Philippines,,24.0,24.00000,,,,,
395,WHS3_43,Pertussis - number of reported cases,https://www.who.int/data/gho/indicator-metadata-registry/imr-details/45,PUBLISHED,Published,,1995.0,1995,,WPR,Western Pacific,,,1995,1995,,,PHL,Philippines,,22.0,22.00000,,,,,
396,WHS3_43,Pertussis - number of reported cases,https://www.who.int/data/gho/indicator-metadata-registry/imr-details/45,PUBLISHED,Published,,1994.0,1994,,WPR,Western Pacific,,,1994,1994,,,PHL,Philippines,,26.0,26.00000,,,,,
397,WHS3_43,Pertussis - number of reported cases,https://www.who.int/data/gho/indicator-metadata-registry/imr-details/45,PUBLISHED,Published,,1993.0,1993,,WPR,Western Pacific,,,1993,1993,,,PHL,Philippines,,19.0,19.00000,,,,,
398,WHS3_45,Number of new leprosy cases,https://www.who.int/data/gho/indicator-metadata-registry/imr-details/47,PUBLISHED,Published,,2011.0,2011,,WPR,Western Pacific,,,2011,2011,,,PHL,Philippines,,1818.0,1818.00000,,,,,
399,WHS3_45,Number of new leprosy cases,https://www.who.int/data/gho/indicator-metadata-registry/imr-details/47,PUBLISHED,Published,,2008.0,2008,,WPR,Western Pacific,,,2008,2008,,,PHL,Philippines,,2373.0,2373.00000,,,,,
