index,GHO (CODE),GHO (DISPLAY),GHO (URL),PUBLISHSTATE (CODE),PUBLISHSTATE (DISPLAY),PUBLISHSTATE (URL),YEAR (CODE),YEAR (DISPLAY),YEAR (URL),REGION (CODE),REGION (DISPLAY),REGION (URL),COUNTRY (CODE),STARTYEAR,ENDYEAR,COUNTRY (DISPLAY),COUNTRY (URL),SEX (CODE),SEX (DISPLAY),SEX (URL),GHECAUSES (CODE),GHECAUSES (DISPLAY),GHECAUSES (URL),Display Value,Numeric,Low,High,StdErr,StdDev,Comments
0,#indicator+code,#indicator+name,#indicator+url,#status+code,#status+name,,,#date+year,,#region+code,#region+name,,#country+code,#date+year+start,#date+year+end,#country+name,,#sex+code,#sex+name,,,,,,#indicator+value+num,,,,,
1,SDG_SH_DTH_RNCOM,"Number of deaths attributed to non-communicable diseases, by type of disease and sex",https://www.who.int/data/gho/indicator-metadata-registry/imr-details/36,PUBLISHED,Published,,2000.0,2000,,WPR,Western Pacific,,PHL,2000,2000,Philippines,,FMLE,Female,,GHE061,Malignant neoplasms,,22515.0,22515.00000,,,,,"Global Health Estimates 2016: Deaths by Cause, Age, Sex, by Country and by Region, 2000-2016. Geneva, World Health Organization, 2018"
2,SDG_SH_DTH_RNCOM,"Number of deaths attributed to non-communicable diseases, by type of disease and sex",https://www.who.int/data/gho/indicator-metadata-registry/imr-details/36,PUBLISHED,Published,,2000.0,2000,,WPR,Western Pacific,,PHL,2000,2000,Philippines,,MLE,Male,,GHE061,Malignant neoplasms,,22746.0,22746.00000,,,,,"Global Health Estimates 2016: Deaths by Cause, Age, Sex, by Country and by Region, 2000-2016. Geneva, World Health Organization, 2018"
3,SDG_SH_DTH_RNCOM,"Number of deaths attributed to non-communicable diseases, by type of disease and sex",https://www.who.int/data/gho/indicator-metadata-registry/imr-details/36,PUBLISHED,Published,,2000.0,2000,,WPR,Western Pacific,,PHL,2000,2000,Philippines,,BTSX,Both sexes,,GHE061,Malignant neoplasms,,45260.0,45260.00000,,,,,"Global Health Estimates 2016: Deaths by Cause, Age, Sex, by Country and by Region, 2000-2016. Geneva, World Health Organization, 2018"
4,SDG_SH_DTH_RNCOM,"Number of deaths attributed to non-communicable diseases, by type of disease and sex",https://www.who.int/data/gho/indicator-metadata-registry/imr-details/36,PUBLISHED,Published,,2000.0,2000,,WPR,Western Pacific,,PHL,2000,2000,Philippines,,FMLE,Female,,GHE110,Cardiovascular diseases,,57252.0,57252.00000,,,,,"Global Health Estimates 2016: Deaths by Cause, Age, Sex, by Country and by Region, 2000-2016. Geneva, World Health Organization, 2018"
5,SDG_SH_DTH_RNCOM,"Number of deaths attributed to non-communicable diseases, by type of disease and sex",https://www.who.int/data/gho/indicator-metadata-registry/imr-details/36,PUBLISHED,Published,,2000.0,2000,,WPR,Western Pacific,,PHL,2000,2000,Philippines,,MLE,Male,,GHE110,Cardiovascular diseases,,66842.0,66842.00000,,,,,"Global Health Estimates 2016: Deaths by Cause, Age, Sex, by Country and by Region, 2000-2016. Geneva, World Health Organization, 2018"
6,SDG_SH_DTH_RNCOM,"Number of deaths attributed to non-communicable diseases, by type of disease and sex",https://www.who.int/data/gho/indicator-metadata-registry/imr-details/36,PUBLISHED,Published,,2000.0,2000,,WPR,Western Pacific,,PHL,2000,2000,Philippines,,BTSX,Both sexes,,GHE110,Cardiovascular diseases,,124095.0,124095.00000,,,,,"Global Health Estimates 2016: Deaths by Cause, Age, Sex, by Country and by Region, 2000-2016. Geneva, World Health Organization, 2018"
7,SDG_SH_DTH_RNCOM,"Number of deaths attributed to non-communicable diseases, by type of disease and sex",https://www.who.int/data/gho/indicator-metadata-registry/imr-details/36,PUBLISHED,Published,,2000.0,2000,,WPR,Western Pacific,,PHL,2000,2000,Philippines,,FMLE,Female,,GHE118,Chronic obstructive pulmonary disease,,9786.0,9786.00000,,,,,"Global Health Estimates 2016: Deaths by Cause, Age, Sex, by Country and by Region, 2000-2016. Geneva, World Health Organization, 2018"
8,SDG_SH_DTH_RNCOM,"Number of deaths attributed to non-communicable diseases, by type of disease and sex",https://www.who.int/data/gho/indicator-metadata-registry/imr-details/36,PUBLISHED,Published,,2000.0,2000,,WPR,Western Pacific,,PHL,2000,2000,Philippines,,MLE,Male,,GHE118,Chronic obstructive pulmonary disease,,15704.0,15704.00000,,,,,"Global Health Estimates 2016: Deaths by Cause, Age, Sex, by Country and by Region, 2000-2016. Geneva, World Health Organization, 2018"
9,SDG_SH_DTH_RNCOM,"Number of deaths attributed to non-communicable diseases, by type of disease and sex",https://www.who.int/data/gho/indicator-metadata-registry/imr-details/36,PUBLISHED,Published,,2000.0,2000,,WPR,Western Pacific,,PHL,2000,2000,Philippines,,BTSX,Both sexes,,GHE118,Chronic obstructive pulmonary disease,,25491.0,25491.00000,,,,,"Global Health Estimates 2016: Deaths by Cause, Age, Sex, by Country and by Region, 2000-2016. Geneva, World Health Organization, 2018"
10,SDG_SH_DTH_RNCOM,"Number of deaths attributed to non-communicable diseases, by type of disease and sex",https://www.who.int/data/gho/indicator-metadata-registry/imr-details/36,PUBLISHED,Published,,2000.0,2000,,WPR,Western Pacific,,PHL,2000,2000,Philippines,,FMLE,Female,,GHE080,Diabetes mellitus,,7360.0,7360.00000,,,,,"Global Health Estimates 2016: Deaths by Cause, Age, Sex, by Country and by Region, 2000-2016. Geneva, World Health Organization, 2018"
11,SDG_SH_DTH_RNCOM,"Number of deaths attributed to non-communicable diseases, by type of disease and sex",https://www.who.int/data/gho/indicator-metadata-registry/imr-details/36,PUBLISHED,Published,,2000.0,2000,,WPR,Western Pacific,,PHL,2000,2000,Philippines,,MLE,Male,,GHE080,Diabetes mellitus,,5932.0,5932.00000,,,,,"Global Health Estimates 2016: Deaths by Cause, Age, Sex, by Country and by Region, 2000-2016. Geneva, World Health Organization, 2018"
12,SDG_SH_DTH_RNCOM,"Number of deaths attributed to non-communicable diseases, by type of disease and sex",https://www.who.int/data/gho/indicator-metadata-registry/imr-details/36,PUBLISHED,Published,,2000.0,2000,,WPR,Western Pacific,,PHL,2000,2000,Philippines,,BTSX,Both sexes,,GHE080,Diabetes mellitus,,13292.0,13292.00000,,,,,"Global Health Estimates 2016: Deaths by Cause, Age, Sex, by Country and by Region, 2000-2016. Geneva, World Health Organization, 2018"
13,SDG_SH_DTH_RNCOM,"Number of deaths attributed to non-communicable diseases, by type of disease and sex",https://www.who.int/data/gho/indicator-metadata-registry/imr-details/36,PUBLISHED,Published,,2005.0,2005,,WPR,Western Pacific,,PHL,2005,2005,Philippines,,FMLE,Female,,GHE061,Malignant neoplasms,,25883.0,25883.00000,,,,,"Global Health Estimates 2016: Deaths by Cause, Age, Sex, by Country and by Region, 2000-2016. Geneva, World Health Organization, 2018"
14,SDG_SH_DTH_RNCOM,"Number of deaths attributed to non-communicable diseases, by type of disease and sex",https://www.who.int/data/gho/indicator-metadata-registry/imr-details/36,PUBLISHED,Published,,2005.0,2005,,WPR,Western Pacific,,PHL,2005,2005,Philippines,,MLE,Male,,GHE061,Malignant neoplasms,,26186.0,26186.00000,,,,,"Global Health Estimates 2016: Deaths by Cause, Age, Sex, by Country and by Region, 2000-2016. Geneva, World Health Organization, 2018"
15,SDG_SH_DTH_RNCOM,"Number of deaths attributed to non-communicable diseases, by type of disease and sex",https://www.who.int/data/gho/indicator-metadata-registry/imr-details/36,PUBLISHED,Published,,2005.0,2005,,WPR,Western Pacific,,PHL,2005,2005,Philippines,,BTSX,Both sexes,,GHE061,Malignant neoplasms,,52069.0,52069.00000,,,,,"Global Health Estimates 2016: Deaths by Cause, Age, Sex, by Country and by Region, 2000-2016. Geneva, World Health Organization, 2018"
16,SDG_SH_DTH_RNCOM,"Number of deaths attributed to non-communicable diseases, by type of disease and sex",https://www.who.int/data/gho/indicator-metadata-registry/imr-details/36,PUBLISHED,Published,,2005.0,2005,,WPR,Western Pacific,,PHL,2005,2005,Philippines,,FMLE,Female,,GHE110,Cardiovascular diseases,,69608.0,69608.00000,,,,,"Global Health Estimates 2016: Deaths by Cause, Age, Sex, by Country and by Region, 2000-2016. Geneva, World Health Organization, 2018"
17,SDG_SH_DTH_RNCOM,"Number of deaths attributed to non-communicable diseases, by type of disease and sex",https://www.who.int/data/gho/indicator-metadata-registry/imr-details/36,PUBLISHED,Published,,2015.0,2015,,WPR,Western Pacific,,PHL,2015,2015,Philippines,,MLE,Male,,GHE110,Cardiovascular diseases,,125404.0,125404.00000,,,,,"Global Health Estimates 2016: Deaths by Cause, Age, Sex, by Country and by Region, 2000-2016. Geneva, World Health Organization, 2018"
18,SDG_SH_DTH_RNCOM,"Number of deaths attributed to non-communicable diseases, by type of disease and sex",https://www.who.int/data/gho/indicator-metadata-registry/imr-details/36,PUBLISHED,Published,,2015.0,2015,,WPR,Western Pacific,,PHL,2015,2015,Philippines,,BTSX,Both sexes,,GHE110,Cardiovascular diseases,,223773.0,223773.00000,,,,,"Global Health Estimates 2016: Deaths by Cause, Age, Sex, by Country and by Region, 2000-2016. Geneva, World Health Organization, 2018"
19,SDG_SH_DTH_RNCOM,"Number of deaths attributed to non-communicable diseases, by type of disease and sex",https://www.who.int/data/gho/indicator-metadata-registry/imr-details/36,PUBLISHED,Published,,2015.0,2015,,WPR,Western Pacific,,PHL,2015,2015,Philippines,,FMLE,Female,,GHE118,Chronic obstructive pulmonary disease,,15235.0,15235.00000,,,,,"Global Health Estimates 2016: Deaths by Cause, Age, Sex, by Country and by Region, 2000-2016. Geneva, World Health Organization, 2018"
20,SDG_SH_DTH_RNCOM,"Number of deaths attributed to non-communicable diseases, by type of disease and sex",https://www.who.int/data/gho/indicator-metadata-registry/imr-details/36,PUBLISHED,Published,,2015.0,2015,,WPR,Western Pacific,,PHL,2015,2015,Philippines,,MLE,Male,,GHE118,Chronic obstructive pulmonary disease,,25669.0,25669.00000,,,,,"Global Health Estimates 2016: Deaths by Cause, Age, Sex, by Country and by Region, 2000-2016. Geneva, World Health Organization, 2018"
21,SDG_SH_DTH_RNCOM,"Number of deaths attributed to non-communicable diseases, by type of disease and sex",https://www.who.int/data/gho/indicator-metadata-registry/imr-details/36,PUBLISHED,Published,,2015.0,2015,,WPR,Western Pacific,,PHL,2015,2015,Philippines,,BTSX,Both sexes,,GHE118,Chronic obstructive pulmonary disease,,40904.0,40904.00000,,,,,"Global Health Estimates 2016: Deaths by Cause, Age, Sex, by Country and by Region, 2000-2016. Geneva, World Health Organization, 2018"
22,SDG_SH_DTH_RNCOM,"Number of deaths attributed to non-communicable diseases, by type of disease and sex",https://www.who.int/data/gho/indicator-metadata-registry/imr-details/36,PUBLISHED,Published,,2015.0,2015,,WPR,Western Pacific,,PHL,2015,2015,Philippines,,FMLE,Female,,GHE080,Diabetes mellitus,,13077.0,13077.00000,,,,,"Global Health Estimates 2016: Deaths by Cause, Age, Sex, by Country and by Region, 2000-2016. Geneva, World Health Organization, 2018"
23,SDG_SH_DTH_RNCOM,"Number of deaths attributed to non-communicable diseases, by type of disease and sex",https://www.who.int/data/gho/indicator-metadata-registry/imr-details/36,PUBLISHED,Published,,2015.0,2015,,WPR,Western Pacific,,PHL,2015,2015,Philippines,,MLE,Male,,GHE080,Diabetes mellitus,,12461.0,12461.00000,,,,,"Global Health Estimates 2016: Deaths by Cause, Age, Sex, by Country and by Region, 2000-2016. Geneva, World Health Organization, 2018"
24,SDG_SH_DTH_RNCOM,"Number of deaths attributed to non-communicable diseases, by type of disease and sex",https://www.who.int/data/gho/indicator-metadata-registry/imr-details/36,PUBLISHED,Published,,2015.0,2015,,WPR,Western Pacific,,PHL,2015,2015,Philippines,,BTSX,Both sexes,,GHE080,Diabetes mellitus,,25537.0,25537.00000,,,,,"Global Health Estimates 2016: Deaths by Cause, Age, Sex, by Country and by Region, 2000-2016. Geneva, World Health Organization, 2018"
25,SDG_SH_DTH_RNCOM,"Number of deaths attributed to non-communicable diseases, by type of disease and sex",https://www.who.int/data/gho/indicator-metadata-registry/imr-details/36,PUBLISHED,Published,,2016.0,2016,,WPR,Western Pacific,,PHL,2016,2016,Philippines,,FMLE,Female,,GHE061,Malignant neoplasms,,34173.0,34173.00000,,,,,"Global Health Estimates 2016: Deaths by Cause, Age, Sex, by Country and by Region, 2000-2016. Geneva, World Health Organization, 2018"
26,SDG_SH_DTH_RNCOM,"Number of deaths attributed to non-communicable diseases, by type of disease and sex",https://www.who.int/data/gho/indicator-metadata-registry/imr-details/36,PUBLISHED,Published,,2016.0,2016,,WPR,Western Pacific,,PHL,2016,2016,Philippines,,MLE,Male,,GHE061,Malignant neoplasms,,31743.0,31743.00000,,,,,"Global Health Estimates 2016: Deaths by Cause, Age, Sex, by Country and by Region, 2000-2016. Geneva, World Health Organization, 2018"
27,SDG_SH_DTH_RNCOM,"Number of deaths attributed to non-communicable diseases, by type of disease and sex",https://www.who.int/data/gho/indicator-metadata-registry/imr-details/36,PUBLISHED,Published,,2016.0,2016,,WPR,Western Pacific,,PHL,2016,2016,Philippines,,BTSX,Both sexes,,GHE061,Malignant neoplasms,,65916.0,65916.00000,,,,,"Global Health Estimates 2016: Deaths by Cause, Age, Sex, by Country and by Region, 2000-2016. Geneva, World Health Organization, 2018"
28,SDG_SH_DTH_RNCOM,"Number of deaths attributed to non-communicable diseases, by type of disease and sex",https://www.who.int/data/gho/indicator-metadata-registry/imr-details/36,PUBLISHED,Published,,2016.0,2016,,WPR,Western Pacific,,PHL,2016,2016,Philippines,,FMLE,Female,,GHE110,Cardiovascular diseases,,102696.0,102696.00000,,,,,"Global Health Estimates 2016: Deaths by Cause, Age, Sex, by Country and by Region, 2000-2016. Geneva, World Health Organization, 2018"
29,SDG_SH_DTH_RNCOM,"Number of deaths attributed to non-communicable diseases, by type of disease and sex",https://www.who.int/data/gho/indicator-metadata-registry/imr-details/36,PUBLISHED,Published,,2015.0,2015,,WPR,Western Pacific,,PHL,2015,2015,Philippines,,FMLE,Female,,GHE110,Cardiovascular diseases,,98370.0,98370.00000,,,,,"Global Health Estimates 2016: Deaths by Cause, Age, Sex, by Country and by Region, 2000-2016. Geneva, World Health Organization, 2018"
30,SDG_SH_DTH_RNCOM,"Number of deaths attributed to non-communicable diseases, by type of disease and sex",https://www.who.int/data/gho/indicator-metadata-registry/imr-details/36,PUBLISHED,Published,,2015.0,2015,,WPR,Western Pacific,,PHL,2015,2015,Philippines,,BTSX,Both sexes,,GHE061,Malignant neoplasms,,64591.0,64591.00000,,,,,"Global Health Estimates 2016: Deaths by Cause, Age, Sex, by Country and by Region, 2000-2016. Geneva, World Health Organization, 2018"
31,SDG_SH_DTH_RNCOM,"Number of deaths attributed to non-communicable diseases, by type of disease and sex",https://www.who.int/data/gho/indicator-metadata-registry/imr-details/36,PUBLISHED,Published,,2015.0,2015,,WPR,Western Pacific,,PHL,2015,2015,Philippines,,MLE,Male,,GHE061,Malignant neoplasms,,31218.0,31218.00000,,,,,"Global Health Estimates 2016: Deaths by Cause, Age, Sex, by Country and by Region, 2000-2016. Geneva, World Health Organization, 2018"
32,SDG_SH_DTH_RNCOM,"Number of deaths attributed to non-communicable diseases, by type of disease and sex",https://www.who.int/data/gho/indicator-metadata-registry/imr-details/36,PUBLISHED,Published,,2015.0,2015,,WPR,Western Pacific,,PHL,2015,2015,Philippines,,FMLE,Female,,GHE061,Malignant neoplasms,,33373.0,33373.00000,,,,,"Global Health Estimates 2016: Deaths by Cause, Age, Sex, by Country and by Region, 2000-2016. Geneva, World Health Organization, 2018"
33,SDG_SH_DTH_RNCOM,"Number of deaths attributed to non-communicable diseases, by type of disease and sex",https://www.who.int/data/gho/indicator-metadata-registry/imr-details/36,PUBLISHED,Published,,2010.0,2010,,WPR,Western Pacific,,PHL,2010,2010,Philippines,,BTSX,Both sexes,,GHE080,Diabetes mellitus,,25394.0,25394.00000,,,,,"Global Health Estimates 2016: Deaths by Cause, Age, Sex, by Country and by Region, 2000-2016. Geneva, World Health Organization, 2018"
34,SDG_SH_DTH_RNCOM,"Number of deaths attributed to non-communicable diseases, by type of disease and sex",https://www.who.int/data/gho/indicator-metadata-registry/imr-details/36,PUBLISHED,Published,,2010.0,2010,,WPR,Western Pacific,,PHL,2010,2010,Philippines,,MLE,Male,,GHE080,Diabetes mellitus,,12108.0,12108.00000,,,,,"Global Health Estimates 2016: Deaths by Cause, Age, Sex, by Country and by Region, 2000-2016. Geneva, World Health Organization, 2018"
35,SDG_SH_DTH_RNCOM,"Number of deaths attributed to non-communicable diseases, by type of disease and sex",https://www.who.int/data/gho/indicator-metadata-registry/imr-details/36,PUBLISHED,Published,,2010.0,2010,,WPR,Western Pacific,,PHL,2010,2010,Philippines,,FMLE,Female,,GHE080,Diabetes mellitus,,13286.0,13286.00000,,,,,"Global Health Estimates 2016: Deaths by Cause, Age, Sex, by Country and by Region, 2000-2016. Geneva, World Health Organization, 2018"
36,SDG_SH_DTH_RNCOM,"Number of deaths attributed to non-communicable diseases, by type of disease and sex",https://www.who.int/data/gho/indicator-metadata-registry/imr-details/36,PUBLISHED,Published,,2010.0,2010,,WPR,Western Pacific,,PHL,2010,2010,Philippines,,BTSX,Both sexes,,GHE118,Chronic obstructive pulmonary disease,,37205.0,37205.00000,,,,,"Global Health Estimates 2016: Deaths by Cause, Age, Sex, by Country and by Region, 2000-2016. Geneva, World Health Organization, 2018"
37,SDG_SH_DTH_RNCOM,"Number of deaths attributed to non-communicable diseases, by type of disease and sex",https://www.who.int/data/gho/indicator-metadata-registry/imr-details/36,PUBLISHED,Published,,2010.0,2010,,WPR,Western Pacific,,PHL,2010,2010,Philippines,,MLE,Male,,GHE118,Chronic obstructive pulmonary disease,,23648.0,23648.00000,,,,,"Global Health Estimates 2016: Deaths by Cause, Age, Sex, by Country and by Region, 2000-2016. Geneva, World Health Organization, 2018"
38,SDG_SH_DTH_RNCOM,"Number of deaths attributed to non-communicable diseases, by type of disease and sex",https://www.who.int/data/gho/indicator-metadata-registry/imr-details/36,PUBLISHED,Published,,2010.0,2010,,WPR,Western Pacific,,PHL,2010,2010,Philippines,,FMLE,Female,,GHE118,Chronic obstructive pulmonary disease,,13556.0,13556.00000,,,,,"Global Health Estimates 2016: Deaths by Cause, Age, Sex, by Country and by Region, 2000-2016. Geneva, World Health Organization, 2018"
39,SDG_SH_DTH_RNCOM,"Number of deaths attributed to non-communicable diseases, by type of disease and sex",https://www.who.int/data/gho/indicator-metadata-registry/imr-details/36,PUBLISHED,Published,,2010.0,2010,,WPR,Western Pacific,,PHL,2010,2010,Philippines,,BTSX,Both sexes,,GHE110,Cardiovascular diseases,,189916.0,189916.00000,,,,,"Global Health Estimates 2016: Deaths by Cause, Age, Sex, by Country and by Region, 2000-2016. Geneva, World Health Organization, 2018"
40,SDG_SH_DTH_RNCOM,"Number of deaths attributed to non-communicable diseases, by type of disease and sex",https://www.who.int/data/gho/indicator-metadata-registry/imr-details/36,PUBLISHED,Published,,2010.0,2010,,WPR,Western Pacific,,PHL,2010,2010,Philippines,,MLE,Male,,GHE110,Cardiovascular diseases,,105462.0,105462.00000,,,,,"Global Health Estimates 2016: Deaths by Cause, Age, Sex, by Country and by Region, 2000-2016. Geneva, World Health Organization, 2018"
41,SDG_SH_DTH_RNCOM,"Number of deaths attributed to non-communicable diseases, by type of disease and sex",https://www.who.int/data/gho/indicator-metadata-registry/imr-details/36,PUBLISHED,Published,,2010.0,2010,,WPR,Western Pacific,,PHL,2010,2010,Philippines,,FMLE,Female,,GHE110,Cardiovascular diseases,,84454.0,84454.00000,,,,,"Global Health Estimates 2016: Deaths by Cause, Age, Sex, by Country and by Region, 2000-2016. Geneva, World Health Organization, 2018"
42,SDG_SH_DTH_RNCOM,"Number of deaths attributed to non-communicable diseases, by type of disease and sex",https://www.who.int/data/gho/indicator-metadata-registry/imr-details/36,PUBLISHED,Published,,2010.0,2010,,WPR,Western Pacific,,PHL,2010,2010,Philippines,,BTSX,Both sexes,,GHE061,Malignant neoplasms,,59243.0,59243.00000,,,,,"Global Health Estimates 2016: Deaths by Cause, Age, Sex, by Country and by Region, 2000-2016. Geneva, World Health Organization, 2018"
43,SDG_SH_DTH_RNCOM,"Number of deaths attributed to non-communicable diseases, by type of disease and sex",https://www.who.int/data/gho/indicator-metadata-registry/imr-details/36,PUBLISHED,Published,,2010.0,2010,,WPR,Western Pacific,,PHL,2010,2010,Philippines,,MLE,Male,,GHE061,Malignant neoplasms,,29424.0,29424.00000,,,,,"Global Health Estimates 2016: Deaths by Cause, Age, Sex, by Country and by Region, 2000-2016. Geneva, World Health Organization, 2018"
44,SDG_SH_DTH_RNCOM,"Number of deaths attributed to non-communicable diseases, by type of disease and sex",https://www.who.int/data/gho/indicator-metadata-registry/imr-details/36,PUBLISHED,Published,,2010.0,2010,,WPR,Western Pacific,,PHL,2010,2010,Philippines,,FMLE,Female,,GHE061,Malignant neoplasms,,29818.0,29818.00000,,,,,"Global Health Estimates 2016: Deaths by Cause, Age, Sex, by Country and by Region, 2000-2016. Geneva, World Health Organization, 2018"
45,SDG_SH_DTH_RNCOM,"Number of deaths attributed to non-communicable diseases, by type of disease and sex",https://www.who.int/data/gho/indicator-metadata-registry/imr-details/36,PUBLISHED,Published,,2005.0,2005,,WPR,Western Pacific,,PHL,2005,2005,Philippines,,BTSX,Both sexes,,GHE080,Diabetes mellitus,,20320.0,20320.00000,,,,,"Global Health Estimates 2016: Deaths by Cause, Age, Sex, by Country and by Region, 2000-2016. Geneva, World Health Organization, 2018"
46,SDG_SH_DTH_RNCOM,"Number of deaths attributed to non-communicable diseases, by type of disease and sex",https://www.who.int/data/gho/indicator-metadata-registry/imr-details/36,PUBLISHED,Published,,2005.0,2005,,WPR,Western Pacific,,PHL,2005,2005,Philippines,,MLE,Male,,GHE080,Diabetes mellitus,,9461.0,9461.00000,,,,,"Global Health Estimates 2016: Deaths by Cause, Age, Sex, by Country and by Region, 2000-2016. Geneva, World Health Organization, 2018"
47,SDG_SH_DTH_RNCOM,"Number of deaths attributed to non-communicable diseases, by type of disease and sex",https://www.who.int/data/gho/indicator-metadata-registry/imr-details/36,PUBLISHED,Published,,2005.0,2005,,WPR,Western Pacific,,PHL,2005,2005,Philippines,,FMLE,Female,,GHE080,Diabetes mellitus,,10859.0,10859.00000,,,,,"Global Health Estimates 2016: Deaths by Cause, Age, Sex, by Country and by Region, 2000-2016. Geneva, World Health Organization, 2018"
48,SDG_SH_DTH_RNCOM,"Number of deaths attributed to non-communicable diseases, by type of disease and sex",https://www.who.int/data/gho/indicator-metadata-registry/imr-details/36,PUBLISHED,Published,,2005.0,2005,,WPR,Western Pacific,,PHL,2005,2005,Philippines,,BTSX,Both sexes,,GHE118,Chronic obstructive pulmonary disease,,31832.0,31832.00000,,,,,"Global Health Estimates 2016: Deaths by Cause, Age, Sex, by Country and by Region, 2000-2016. Geneva, World Health Organization, 2018"
49,SDG_SH_DTH_RNCOM,"Number of deaths attributed to non-communicable diseases, by type of disease and sex",https://www.who.int/data/gho/indicator-metadata-registry/imr-details/36,PUBLISHED,Published,,2005.0,2005,,WPR,Western Pacific,,PHL,2005,2005,Philippines,,MLE,Male,,GHE118,Chronic obstructive pulmonary disease,,20076.0,20076.00000,,,,,"Global Health Estimates 2016: Deaths by Cause, Age, Sex, by Country and by Region, 2000-2016. Geneva, World Health Organization, 2018"
50,SDG_SH_DTH_RNCOM,"Number of deaths attributed to non-communicable diseases, by type of disease and sex",https://www.who.int/data/gho/indicator-metadata-registry/imr-details/36,PUBLISHED,Published,,2005.0,2005,,WPR,Western Pacific,,PHL,2005,2005,Philippines,,FMLE,Female,,GHE118,Chronic obstructive pulmonary disease,,11756.0,11756.00000,,,,,"Global Health Estimates 2016: Deaths by Cause, Age, Sex, by Country and by Region, 2000-2016. Geneva, World Health Organization, 2018"
51,SDG_SH_DTH_RNCOM,"Number of deaths attributed to non-communicable diseases, by type of disease and sex",https://www.who.int/data/gho/indicator-metadata-registry/imr-details/36,PUBLISHED,Published,,2005.0,2005,,WPR,Western Pacific,,PHL,2005,2005,Philippines,,BTSX,Both sexes,,GHE110,Cardiovascular diseases,,155418.0,155418.00000,,,,,"Global Health Estimates 2016: Deaths by Cause, Age, Sex, by Country and by Region, 2000-2016. Geneva, World Health Organization, 2018"
52,SDG_SH_DTH_RNCOM,"Number of deaths attributed to non-communicable diseases, by type of disease and sex",https://www.who.int/data/gho/indicator-metadata-registry/imr-details/36,PUBLISHED,Published,,2005.0,2005,,WPR,Western Pacific,,PHL,2005,2005,Philippines,,MLE,Male,,GHE110,Cardiovascular diseases,,85810.0,85810.00000,,,,,"Global Health Estimates 2016: Deaths by Cause, Age, Sex, by Country and by Region, 2000-2016. Geneva, World Health Organization, 2018"
53,SDG_SH_DTH_RNCOM,"Number of deaths attributed to non-communicable diseases, by type of disease and sex",https://www.who.int/data/gho/indicator-metadata-registry/imr-details/36,PUBLISHED,Published,,2016.0,2016,,WPR,Western Pacific,,PHL,2016,2016,Philippines,,MLE,Male,,GHE110,Cardiovascular diseases,,130495.0,130495.00000,,,,,"Global Health Estimates 2016: Deaths by Cause, Age, Sex, by Country and by Region, 2000-2016. Geneva, World Health Organization, 2018"
54,SDG_SH_DTH_RNCOM,"Number of deaths attributed to non-communicable diseases, by type of disease and sex",https://www.who.int/data/gho/indicator-metadata-registry/imr-details/36,PUBLISHED,Published,,2016.0,2016,,WPR,Western Pacific,,PHL,2016,2016,Philippines,,BTSX,Both sexes,,GHE110,Cardiovascular diseases,,233190.0,233190.00000,,,,,"Global Health Estimates 2016: Deaths by Cause, Age, Sex, by Country and by Region, 2000-2016. Geneva, World Health Organization, 2018"
55,SDG_SH_DTH_RNCOM,"Number of deaths attributed to non-communicable diseases, by type of disease and sex",https://www.who.int/data/gho/indicator-metadata-registry/imr-details/36,PUBLISHED,Published,,2016.0,2016,,WPR,Western Pacific,,PHL,2016,2016,Philippines,,FMLE,Female,,GHE118,Chronic obstructive pulmonary disease,,15845.0,15845.00000,,,,,"Global Health Estimates 2016: Deaths by Cause, Age, Sex, by Country and by Region, 2000-2016. Geneva, World Health Organization, 2018"
56,SDG_SH_DTH_RNCOM,"Number of deaths attributed to non-communicable diseases, by type of disease and sex",https://www.who.int/data/gho/indicator-metadata-registry/imr-details/36,PUBLISHED,Published,,2016.0,2016,,WPR,Western Pacific,,PHL,2016,2016,Philippines,,MLE,Male,,GHE118,Chronic obstructive pulmonary disease,,26398.0,26398.00000,,,,,"Global Health Estimates 2016: Deaths by Cause, Age, Sex, by Country and by Region, 2000-2016. Geneva, World Health Organization, 2018"
57,SDG_SH_DTH_RNCOM,"Number of deaths attributed to non-communicable diseases, by type of disease and sex",https://www.who.int/data/gho/indicator-metadata-registry/imr-details/36,PUBLISHED,Published,,2016.0,2016,,WPR,Western Pacific,,PHL,2016,2016,Philippines,,BTSX,Both sexes,,GHE118,Chronic obstructive pulmonary disease,,42243.0,42243.00000,,,,,"Global Health Estimates 2016: Deaths by Cause, Age, Sex, by Country and by Region, 2000-2016. Geneva, World Health Organization, 2018"
58,SDG_SH_DTH_RNCOM,"Number of deaths attributed to non-communicable diseases, by type of disease and sex",https://www.who.int/data/gho/indicator-metadata-registry/imr-details/36,PUBLISHED,Published,,2016.0,2016,,WPR,Western Pacific,,PHL,2016,2016,Philippines,,FMLE,Female,,GHE080,Diabetes mellitus,,13038.0,13038.00000,,,,,"Global Health Estimates 2016: Deaths by Cause, Age, Sex, by Country and by Region, 2000-2016. Geneva, World Health Organization, 2018"
59,SDG_SH_DTH_RNCOM,"Number of deaths attributed to non-communicable diseases, by type of disease and sex",https://www.who.int/data/gho/indicator-metadata-registry/imr-details/36,PUBLISHED,Published,,2016.0,2016,,WPR,Western Pacific,,PHL,2016,2016,Philippines,,MLE,Male,,GHE080,Diabetes mellitus,,12490.0,12490.00000,,,,,"Global Health Estimates 2016: Deaths by Cause, Age, Sex, by Country and by Region, 2000-2016. Geneva, World Health Organization, 2018"
60,SDG_SH_DTH_RNCOM,"Number of deaths attributed to non-communicable diseases, by type of disease and sex",https://www.who.int/data/gho/indicator-metadata-registry/imr-details/36,PUBLISHED,Published,,2016.0,2016,,WPR,Western Pacific,,PHL,2016,2016,Philippines,,BTSX,Both sexes,,GHE080,Diabetes mellitus,,25528.0,25528.00000,,,,,"Global Health Estimates 2016: Deaths by Cause, Age, Sex, by Country and by Region, 2000-2016. Geneva, World Health Organization, 2018"
